INSERT INTO calendar_token
VALUES ('933dfb55-0d89-40b8-ab28-b198014c0bc4', false, 'Buskerud 2023', 'JK2023',
        '2023-05-14 09:34:23.614166',
        '2024-01-23 15:02:13.280373');
INSERT INTO calendar_token
VALUES ('c542f6bb-f1db-4e59-a40a-e913edb34d55', true, 'Buskerud 2024', 'JK2024',
        '2024-01-02 07:28:10.910371',
        '2024-01-02 07:28:10.910371');
INSERT INTO user
VALUES ('7f000101-86a7-1949-8186-ab8ec5f30000', 'Drammen ', 'arnstein.andersen@ebnett.no', false,
        'Andersen ', '$2a$10$G3bps7OkAEp27jTo1N81zem/9oKR6vz57J2h6KEbzY/cmtAt2bjuS',
        '60d7075c-72a9-4015-9ebe-a881daa63ac4', '2023-11-16 13:01:06.300081', '2023-03-09 00:00:00',
        '2024-07-30 20:08:25.597613', ' Arnstein', '', NULL, NULL, NULL, NULL, NULL);
INSERT INTO user
VALUES ('7f000101-8692-10ce-8186-928559a10000', 'Åskollen', 'axelwulff@mac.com', false, 'Sæther',
        '$2a$10$v5U4mDrFN3kbHKNoI2w/lOCndFz0NNT3I6h9eNxGQVRWdrXeVn20a',
        '8c7ac2e6-489c-4d00-b2bb-d37592de3746', '2024-08-14 06:47:48.640177', '2023-03-08 00:00:00',
        '2024-08-14 06:47:48.842096', 'Axel', 'Wulff', '10159997628502534',
        'https://platform-lookaside.fbsbx.com/platform/profilepic/?asid=10159997628502534&height=50&width=50&ext=1726202868&hash=Abb-eY9aRFoxBmXYlC2GeNon',
        50, 50, false);
INSERT INTO user
VALUES ('7f000101-86bc-1322-8186-cb841a110000', 'Røyken/Asker', 'brattgjerd@gmail.com', false,
        'Brattgjerd',
        '$2a$10$xgmk8/L1sZja/0YtKZQ2GO.1yVz8LOaX66UNNPYYFYwPxGPcDHPtO',
        'd05b35e4-b265-4342-b6be-b0edb0cb6f73',
        '2023-10-07 18:25:42.978399', '2023-05-14 09:34:23.614166', '2023-10-07 18:25:43.188421',
        ' Fredrik', '', NULL,
        NULL, NULL, NULL, NULL);
INSERT INTO user
VALUES ('7f000101-86cb-1a20-8186-cba95fd40000', 'Østfold', 'marius@ingum.net', false, 'Ingum',
        '$2a$10$RdnXh6GC5AZgGFnmN3OkbuSQ.ChpWULeNkKDtboE9CcHAKbAkxMSq',
        'd05b35e4-b265-4342-b6be-b0edb0cb6f73',
        '2023-10-26 09:04:14.902643', '2023-05-14 09:34:23.614166', '2023-10-26 09:04:14.909246',
        ' Marius', '', NULL,
        NULL, NULL, NULL, NULL);
INSERT INTO user
VALUES ('7f000101-86cf-1eb0-8186-d10338fe0001', 'Drammen', 'harpr5@gmail.com', false, 'Kitty',
        '$2a$10$L4pDSBrxmFxVb47HFIXeTes6g5skDutt5WYsSnAUgZb5wdXiXT3nW',
        '60d7075c-72a9-4015-9ebe-a881daa63ac4', '2024-07-30 20:52:52.998925', '2023-03-09 00:00:00',
        '2024-07-30 20:52:53.001166', 'Brew', '', NULL, NULL, NULL, NULL, NULL);
INSERT INTO user
VALUES ('7f000101-86ee-1e52-8186-f93d57700001', 'Vestby ', 'morten.hellebergshaugen@hotmail.com',
        false,
        'Hellebergshaugen ', '$2a$10$IVeL8ynF8wb9RufJ07gxY..nuS.8678LbPN/r0N2nQvleq0i2xWLy',
        'd05b35e4-b265-4342-b6be-b0edb0cb6f73', '2023-09-27 20:17:09.697571', '2023-03-19 00:00:00',
        '2023-09-27 20:17:09.711633', ' Morten', '', NULL, NULL, NULL, NULL, NULL);
INSERT INTO user
VALUES ('7f000101-86ee-1e52-8186-f605bcd60000', 'Drøbak', 'arnljot.k@gmail.com', false,
        'Kristiansen',
        '$2a$10$DC9eLqoORsyzEFYXU50s0evPdveAobal2.gUnS2h.nQEelSb1Cw1S',
        'd05b35e4-b265-4342-b6be-b0edb0cb6f73',
        '2023-08-13 14:37:23.096213', '2023-03-18 00:00:00', '2023-09-12 08:17:59.36695',
        ' Arnljot', '', NULL, NULL,
        NULL, NULL, NULL);
INSERT INTO user
VALUES ('2b3a9df4-1cfb-4411-a99f-0deb877b77f8', 'Drammen/Lier', 'haakon.hennum@gmail.com', false,
        'Hennum',
        '$2a$10$If2MHkNcCyzVXS1tG76YPeWwHb8keS.q/3abYKJH20sW20Lan3UQ6',
        'd05b35e4-b265-4342-b6be-b0edb0cb6f73',
        '2023-11-27 16:12:02.205775', '2023-10-03 17:12:55.806977', '2023-11-27 16:12:02.28928',
        'Haakon', '', NULL,
        NULL, NULL, NULL, NULL);
INSERT INTO user
VALUES ('6db63ea7-54df-4a57-92d1-ae5051875f15', '', 'bjornerudconsult@gmail.com', false,
        'Krogh-Bjørnerud', '$2a$10$pgR3wE8WwKV0Lb7nWXkF.uXnpNCRGKOAZv/wCbl8l2pZzLw1UpywO',
        'd05b35e4-b265-4342-b6be-b0edb0cb6f73', '2024-07-15 17:08:25.307443',
        '2024-07-15 17:07:51.699502', '2024-07-15 17:08:25.315874', 'Hans Erik', 'Erik', NULL, NULL,
        NULL, NULL, NULL);
INSERT INTO user
VALUES ('6455fbf0-d056-4162-b600-f05cd5a4801e', 'Drammen', 'daniel.berg@lifi.no', false, 'Berg',
        '$2a$10$RvHOU/ioa06ecf4osFJBpe6FzyM3VEwrcMc2/yio0i4VV8C6b665O',
        'd05b35e4-b265-4342-b6be-b0edb0cb6f73', '2024-07-29 18:52:05.940134',
        '2024-07-22 11:07:33.316654', '2024-07-29 18:52:05.942412', 'Daniel', '', NULL, NULL, NULL,
        NULL, NULL);
INSERT INTO user_calendar_token
VALUES ('7f000101-86a7-1949-8186-ab8ec5f30000', 'c542f6bb-f1db-4e59-a40a-e913edb34d55');
INSERT INTO user_calendar_token
VALUES ('7f000101-86bc-1322-8186-cb841a110000', '933dfb55-0d89-40b8-ab28-b198014c0bc4');
INSERT INTO user_calendar_token
VALUES ('7f000101-86cb-1a20-8186-cba95fd40000', '933dfb55-0d89-40b8-ab28-b198014c0bc4');
INSERT INTO user_calendar_token
VALUES ('7f000101-86cf-1eb0-8186-d10338fe0001', 'c542f6bb-f1db-4e59-a40a-e913edb34d55');
INSERT INTO user_calendar_token
VALUES ('7f000101-86ee-1e52-8186-f93d57700001', '933dfb55-0d89-40b8-ab28-b198014c0bc4');
INSERT INTO user_calendar_token
VALUES ('7f000101-86ee-1e52-8186-f605bcd60000', '933dfb55-0d89-40b8-ab28-b198014c0bc4');
INSERT INTO user_calendar_token
VALUES ('2b3a9df4-1cfb-4411-a99f-0deb877b77f8', '933dfb55-0d89-40b8-ab28-b198014c0bc4');
INSERT INTO user_calendar_token
VALUES ('7f000101-8692-10ce-8186-928559a10000', 'c542f6bb-f1db-4e59-a40a-e913edb34d55');
INSERT INTO user_calendar_token
VALUES ('6db63ea7-54df-4a57-92d1-ae5051875f15', 'c542f6bb-f1db-4e59-a40a-e913edb34d55');
INSERT INTO user_calendar_token
VALUES ('6455fbf0-d056-4162-b600-f05cd5a4801e', 'c542f6bb-f1db-4e59-a40a-e913edb34d55');
INSERT INTO beer
VALUES ('7f000101-86cf-1eb0-8186-d10a5c710002', 5.9, true, '2023-09-16 09:12:31',
        '2023-09-02 09:12:31',
        'En hybrid stil basert på en Rug IPA men der bittertheten er tonet ned og maltsødme og humlearomaene får tre frem. Noe kryddernoter fra ruget balanserer fint med det fruktige aromaet fra humlene',
        23, 33, 'Giraffen', '', 'Red Rye APA', '', '7f000101-86cf-1eb0-8186-d10338fe0001',
        '2023-05-14 09:34:23.614166',
        '2023-05-14 09:34:23.614166', NULL);
INSERT INTO beer
VALUES ('7f000101-86a5-17b8-8186-a5f903390001', 6.2, false, '2023-11-25 13:36:36',
        '2023-10-20 08:36:36', '', 0, 0, 'Julekveik', '', 'American Amber', '',
        '7f000101-8692-10ce-8186-928559a10000', '2023-05-14 09:34:23.614166',
        '2024-08-03 17:17:02.402468', 2);
INSERT INTO beer
VALUES ('8a5b3c94-5210-451f-bdab-2a94f782bb80', 9.1, true, '2023-06-08 12:24:13.602',
        '2023-06-08 12:24:13.602',
        'Klassisk sterk Ale i Belgisk stil', 53, 33.7, 'Drafnisk Jule Ale', '',
        'Belgian Strong Dark Ale', '',
        '7f000101-86a7-1949-8186-ab8ec5f30000', '2023-06-08 14:31:20.875044',
        '2023-06-08 14:31:20.875068', NULL);
INSERT INTO beer
VALUES ('e5822640-122b-4e4d-a3e6-7c52fffde1e1', 12, true, '2023-11-03 19:17:26',
        '2023-10-05 18:17:26',
        'En mjød med høy sødme og en alkohol prosent på 10-14%\n\nDen er ikke brygget ennå så må rette opp i infoen her etterhvert. Håper jeg rekker å få den ferdig.',
        0, 0, 'Coming soon ', '', 'Mjød', '', '7f000101-86ee-1e52-8186-f93d57700001',
        '2023-09-27 20:39:44.090878',
        '2023-09-27 20:39:44.09092', NULL);
INSERT INTO beer
VALUES ('592b4a34-aff1-4cb2-ba7f-b85e04f00aa3', 7.6, true, '2023-08-12 07:05:03',
        '2023-07-29 07:05:03', '', 63, 22,
        'Resepten', '', 'Baltisk Porter', '', '7f000101-86cb-1a20-8186-cba95fd40000',
        '2023-10-26 09:08:57.908607',
        '2023-10-26 09:08:57.908607', NULL);
INSERT INTO beer
VALUES ('06406255-1356-4794-8692-03a69a24b36d', 6, true, '2023-05-22 07:09:06',
        '2023-04-30 07:09:06',
        'Gikk det som det skulle?? nei\n Ble det øl av det ?  Definitivt!', 35, 25, 'Teknisk feil',
        '', 'Juleøl', '',
        '7f000101-86cb-1a20-8186-cba95fd40000', '2023-10-26 09:13:52.691954',
        '2023-10-26 09:13:52.691954', NULL);
INSERT INTO beer
VALUES ('90f01be5-1987-4034-8b05-7e5cc27d9d37', 6.8, true, '2024-07-15 15:08:34.317',
        '2024-07-15 15:08:34.317', 'Allgrain sett fra Bonsak gårdsmalteri', 28, 30, 'Julegått ', '',
        'norsk klassisk ', '', '6db63ea7-54df-4a57-92d1-ae5051875f15', '2024-07-15 17:09:56.512274',
        '2024-07-15 17:09:56.512274', NULL);
INSERT INTO calendar
VALUES ('7f000101-86a5-17b8-8186-a5f8d01b0000', true, true, 'A', 2023,
        '933dfb55-0d89-40b8-ab28-b198014c0bc4', '2023-05-14 09:34:23.614166',
        '2024-07-31 20:44:48.243843');
INSERT INTO beer_calendar
VALUES ('1935e242-3aed-4685-86af-aedad6397ff4', 4, '7f000101-86a5-17b8-8186-a5f903390001',
        '7f000101-86a5-17b8-8186-a5f8d01b0000');
INSERT INTO beer_calendar
VALUES ('7f000101-86d5-1886-8186-d50d3ad50000', 3, '7f000101-86cf-1eb0-8186-d10a5c710002',
        '7f000101-86a5-17b8-8186-a5f8d01b0000');
INSERT INTO beer_calendar
VALUES ('5f97494f-39f0-4709-bac9-958cf389a865', 23, 'e5822640-122b-4e4d-a3e6-7c52fffde1e1',
        '7f000101-86a5-17b8-8186-a5f8d01b0000');
INSERT INTO beer_calendar
VALUES ('b381a03c-9cbc-4507-a190-da546f0224e2', 2, '06406255-1356-4794-8692-03a69a24b36d',
        '7f000101-86a5-17b8-8186-a5f8d01b0000');
INSERT INTO beer_calendar
VALUES ('99be7397-cef4-4983-b5dc-750adb822e84', 20, '592b4a34-aff1-4cb2-ba7f-b85e04f00aa3',
        '7f000101-86a5-17b8-8186-a5f8d01b0000');
INSERT INTO review
VALUES ('7f000101-86d5-1886-8186-d63042db0001', 'Dritgod!', '2023-03-12 14:18:28.496343', 3, 5, 3,
        8, 6, 20,
        '7f000101-86cf-1eb0-8186-d10a5c710002', '7f000101-86a5-17b8-8186-a5f8d01b0000',
        '7f000101-8692-10ce-8186-928559a10000', '2023-05-14 09:34:23.614166');
INSERT INTO beer_style
VALUES ('02843ea2-7eb7-4820-b2aa-aa5b6ce7a0e3', 'Berliner weisse');
INSERT INTO beer_style
VALUES ('04204c64-f97a-4200-939f-731ae879e783', 'Engelsk strong bitter / engelsk pale ale');
INSERT INTO beer_style
VALUES ('04560f25-664b-4302-948c-dd274fec232d', 'Klassisk norsk juleøl');
INSERT INTO beer_style
VALUES ('0589e6ec-b792-4b86-a6e6-a6b3d8b5c7e0', 'Mjød');
INSERT INTO beer_style
VALUES ('070c9bfd-9b1d-4423-8407-60ed86173cc5', 'Gueuze lambic');
INSERT INTO beer_style
VALUES ('0fe930ce-1179-4571-85a5-546836d5f965', 'Tsjekkisk pilsner');
INSERT INTO beer_style
VALUES ('120af7e8-a06c-4bd7-9505-887d920d1e5b', 'Dry stout');
INSERT INTO beer_style
VALUES ('126d40be-a7f6-4847-82d8-e1fc54e648bf', 'Helles Bock/Maibock');
INSERT INTO beer_style
VALUES ('133a06a9-26eb-4b87-8567-7c6459477967', 'norsk klassisk');
INSERT INTO beer_style
VALUES ('1643d1a9-6de7-4ec2-957a-b5a12cff298b', 'Heimabrugg');
INSERT INTO beer_style
VALUES ('1666d79b-d7da-469d-a49c-65e35ae5774c', 'Irsk rød');
INSERT INTO beer_style
VALUES ('17b5f6e9-17e6-44aa-a2b9-d4989167b921', 'Belgisk frukt lambic');
INSERT INTO beer_style
VALUES ('1936881a-6f20-4f7f-b5b9-9b6d71fb8c61', 'Saison');
INSERT INTO beer_style
VALUES ('238479ff-2cff-42c6-b351-ec118f312c0c', 'Altbier');
INSERT INTO beer_style
VALUES ('26ac8e6a-e220-40f4-90c4-4b36b2f0e62b', 'Eisbock');
INSERT INTO beer_style
VALUES ('271cf622-0f81-456a-b717-95f5e3948520', 'Mørk tsjekkisk lager');
INSERT INTO beer_style
VALUES ('2fa310d4-11e7-4d05-ae73-c649a3efcbc3', 'Weizen/Weissbier');
INSERT INTO beer_style
VALUES ('31c6d2cb-9577-46d0-a6cf-5811e05b6d95', 'Schwarzbier');
INSERT INTO beer_style
VALUES ('33de17fa-a9a5-4fb4-8392-34ed36f7c5f1', 'Moderne porter og stout');
INSERT INTO beer_style
VALUES ('36cfa1c8-0675-4c98-89f5-6d08336959dc', 'Flamsk rød');
INSERT INTO beer_style
VALUES ('37ef01c0-8fad-47df-9492-93906d87ef43', 'Kölsch');
INSERT INTO beer_style
VALUES ('46c17eb1-9f97-4ac0-87dc-8ef4906b1dc5', 'India Pale Ale (IPA)');
INSERT INTO beer_style
VALUES ('48890f2d-47cc-4644-8e75-fa26793b2d7c', 'Münchener Helles');
INSERT INTO beer_style
VALUES ('503b6906-a342-4789-a8f5-127e38acb164', 'Wiener');
INSERT INTO beer_style
VALUES ('52307ae7-e5ea-4935-b24c-0d78adc7685c', 'Imperial IPA');
INSERT INTO beer_style
VALUES ('5358ef0e-5dce-42e7-b166-a7fd2e34641c', 'Hveteøl');
INSERT INTO beer_style
VALUES ('54b53b78-6567-4839-9cec-8a796fd04048', 'Lys sterk belgisk ale');
INSERT INTO beer_style
VALUES ('555ac6fc-2711-4ecb-a2e7-d73e3f306d61', 'Belgisk blond');
INSERT INTO beer_style
VALUES ('5589c8d8-1f8e-4872-a7a1-3ac51c6f3f2d', 'Sort IPA');
INSERT INTO beer_style
VALUES ('56f31406-1ca6-4979-ad53-bcf067c22f39', 'American Amber');
INSERT INTO beer_style
VALUES ('5de055ac-2240-4f29-b7e5-313c732d3794', 'Amerikansk brown ale');
INSERT INTO beer_style
VALUES ('6194f536-7a05-4cf7-87ae-1d717a967600', 'Foreign extra stout');
INSERT INTO beer_style
VALUES ('666efe7d-d121-49dd-87d7-ca4601d9de5e', 'Amerikansk amber');
INSERT INTO beer_style
VALUES ('6729d6b1-6d88-4838-9acf-4d2695557ae9', 'Märzen');
INSERT INTO beer_style
VALUES ('673de373-616e-4f2a-a091-e6065afc98da', 'Krydret øl');
INSERT INTO beer_style
VALUES ('68d39c76-c188-4e47-b5fc-e635b06587b2', 'Stjørdalsøl');
INSERT INTO beer_style
VALUES ('6d702d83-b65c-4633-8066-e9bc3c40507b', 'Trelagret øl');
INSERT INTO beer_style
VALUES ('771f72b5-0e39-4952-8abd-9ff11dc2454f', 'New England IPA');
INSERT INTO beer_style
VALUES ('7bb9fda8-22e5-45e1-bda2-eca109b74f70', 'Belgisk wit');
INSERT INTO beer_style
VALUES ('8024c436-f340-4b3b-9017-6db798334eb0', 'Engelsk best bitter');
INSERT INTO beer_style
VALUES ('805e90ac-7a1a-41f9-8943-542ecd924bff', 'Baltisk Porter');
INSERT INTO beer_style
VALUES ('810e6a20-1bba-414c-926c-225dd63870e4', 'Kornøl');
INSERT INTO beer_style
VALUES ('82fc45ae-e997-413f-b9f9-7a12eb17094f', 'Bière de garde');
INSERT INTO beer_style
VALUES ('84ccd6b7-b25f-4c25-bf10-28d6dc529dcd', 'Amerikansk IPA');
INSERT INTO beer_style
VALUES ('89966e69-1e11-4c4f-8dc3-ef09eda76812', 'Andre røykøl');
INSERT INTO beer_style
VALUES ('92fce01e-15e8-4fba-a124-0b18529ae3cb', 'Engelsk ordinary bitter');
INSERT INTO beer_style
VALUES ('96413c84-c86e-4560-9986-227c8f7f79b5', 'Sweet stout');
INSERT INTO beer_style
VALUES ('9f1e9ddc-c7b0-450c-a9f3-a2e220291dba', 'Bayer');
INSERT INTO beer_style
VALUES ('a01896af-0ac5-488c-8688-7309fcbf7a2b', 'Flamsk brun/oud bruin');
INSERT INTO beer_style
VALUES ('a61626c2-1d71-4322-9945-fedeaf96ee3e', 'Doppelbock');
INSERT INTO beer_style
VALUES ('a6cbe31c-7b45-491b-8cef-367add7dacd6', 'Mørk sterk belgisk ale');
INSERT INTO beer_style
VALUES ('a7f8211b-7023-4ac7-9d9f-c33a88d89041', 'Old ale');
INSERT INTO beer_style
VALUES ('aaed29ed-25bf-4375-a199-3f2cdc641927', 'Bock');
INSERT INTO beer_style
VALUES ('ac259e47-dbb3-4ee0-86e6-d12816607dda', 'Engelsk barley wine');
INSERT INTO beer_style
VALUES ('ae036c0f-e014-4c3e-8646-b7e35ddf67c0', 'Klassisk norsk juleøl butikk-klasse');
INSERT INTO beer_style
VALUES ('ae9574df-828c-467a-88c9-230532c36c8d', 'Engelsk golden ale');
INSERT INTO beer_style
VALUES ('b2c219b7-2472-4947-ba9b-18e8156d0187', 'California common/Steam beer');
INSERT INTO beer_style
VALUES ('b3537321-fa99-4f1c-bd2e-3e544ed2f4c7', 'Porter');
INSERT INTO beer_style
VALUES ('b4b2eb29-bf5b-4423-be71-ea9a06d82f9f', 'Amerikansk barley wine');
INSERT INTO beer_style
VALUES ('b6572c7a-201e-4fdb-87f3-c65269422f6f', 'Münchener Dunkel');
INSERT INTO beer_style
VALUES ('babbd308-895f-497f-b3fe-1fd10f71f824', 'Stout');
INSERT INTO beer_style
VALUES ('beffc4b1-17b6-42f7-bc54-badca06f7a20', 'Skotsk ale');
INSERT INTO beer_style
VALUES ('c2b6f9cc-36bf-4f6f-994c-ab06c934100d', 'Engelsk dark mild');
INSERT INTO beer_style
VALUES ('c45508ad-6d56-4553-a255-dda9778e4da8', 'Weizen bock');
INSERT INTO beer_style
VALUES ('c8184715-cecb-4a05-acab-dd10b2df052a', 'Oatmeal stout');
INSERT INTO beer_style
VALUES ('cb3a8984-57d1-425f-9ba5-8206e11197a4', 'Tysk pilsner');
INSERT INTO beer_style
VALUES ('cbefb540-854d-41a5-8206-10c624a9af3a', 'Skotsk sterk ale/Wee heavy');
INSERT INTO beer_style
VALUES ('ccfb58f6-7a30-415a-b9db-8ca41f35dc52', 'Red Rye APA');
INSERT INTO beer_style
VALUES ('ce2b7371-30d5-4b91-8ea3-814c946a2a6a', 'Klassisk røykøl');
INSERT INTO beer_style
VALUES ('ce2ceb9d-3ce7-4890-9222-71e08690fc00', 'Belgian Strong Dark Ale');
INSERT INTO beer_style
VALUES ('d1bbf506-f7b2-42e5-87b9-b8ce030281f9', 'Juleøl');
INSERT INTO beer_style
VALUES ('d3a727f4-ad04-46be-b10a-7e425b680d59', 'Baltisk porter');
INSERT INTO beer_style
VALUES ('d7dd87c1-0b98-465f-bd87-bd3b2981b56f', 'Internasjonal lager');
INSERT INTO beer_style
VALUES ('d8c76b30-4d96-42a8-8656-1e7c3d238979', 'Amerikansk pale ale');
INSERT INTO beer_style
VALUES ('d8e201f5-d082-420b-8ee9-78b3c0e6b492', 'Belgisk dubbel/bruin');
INSERT INTO beer_style
VALUES ('e1c63f61-ec1b-422a-ac88-249b455be969', 'Andre tilsetninger');
INSERT INTO beer_style
VALUES ('e300b8ef-2f51-497b-b055-ab9d2dca670c', 'Gose');
INSERT INTO beer_style
VALUES ('e9e4c510-8102-48e2-b3ac-30fa5c1680dd', 'Engelsk brown ale');
INSERT INTO beer_style
VALUES ('eedb80b6-8718-47c4-b638-838743d84f89', 'Frukt/grønnsaksøl');
INSERT INTO beer_style
VALUES ('f228b5a9-7d78-4211-8191-eb5d5cc03876', 'Imperial stout');
INSERT INTO beer_style
VALUES ('f50d3417-02e9-4405-b3f6-6ce987553b6c', 'Engelsk IPA');
INSERT INTO beer_style
VALUES ('f96d278a-d677-4895-842e-82d668425f3f', 'Surøl');
INSERT INTO beer_style
VALUES ('f9f2f5d8-3727-405e-b5c3-cadfa3bf1e29', 'Dunkelweizen');
INSERT INTO beer_style
VALUES ('fe7191f5-5071-4a3f-9ea8-25c3a4608e9e', 'Norsk pilsner butikk-klasse');
INSERT INTO beer_style
VALUES ('6c232b47-0bde-4ca1-a5ad-5a989c700870', 'mørk lager/bokk');
INSERT INTO device
VALUES ('7f000101-8819-1224-8188-1bc19fc30000', 'Apple', 'iPhone', 'iOS', '16.3.1', 'Mobile Safari',
        '16',
        '7f000101-8692-10ce-8186-928559a10000', '2023-05-14 21:34:14.288117',
        '2023-05-14 21:34:14.288157', true);
INSERT INTO device
VALUES ('7f000101-8819-1224-8188-1ffaeebc0001', 'Apple', 'iPhone', 'iOS', '16.3.1', 'Mobile Safari',
        '16',
        '7f000101-8692-10ce-8186-928559a10000', '2023-05-15 17:15:18.844857',
        '2023-05-15 17:15:18.844877', true);
INSERT INTO device
VALUES ('7f000101-8819-1224-8188-22bdc6310002', 'Apple', 'iPhone', 'iOS', '16.3.1', 'Mobile Safari',
        '16',
        '7f000101-8692-10ce-8186-928559a10000', '2023-05-16 06:07:22.418632',
        '2023-05-16 06:07:22.418652', true);
INSERT INTO device
VALUES ('7f000101-8819-1224-8188-232025350003', 'Apple', 'Macintosh', 'Mac OS', '10.15.7', 'Brave',
        '113',
        '7f000101-8692-10ce-8186-928559a10000', '2023-05-16 07:54:49.270343',
        '2023-05-16 07:54:49.270369', false);
INSERT INTO device
VALUES ('7f000101-8823-1c0f-8188-232ce3e10000', 'LG', 'Nexus 5', 'Android', '6.0', 'Chrome', '113',
        '7f000101-8692-10ce-8186-928559a10000', '2023-05-16 08:08:44.572978',
        '2023-05-16 08:08:44.57303', true);
INSERT INTO device
VALUES ('7f000101-8823-1c0f-8188-23440fa70001', 'Apple', 'Macintosh', 'Mac OS', '10.15', 'Firefox',
        '113',
        '7f000101-8692-10ce-8186-928559a10000', '2023-05-16 08:34:03.048684',
        '2023-05-16 08:34:03.048705', false);
INSERT INTO device
VALUES ('7f000101-8823-1c0f-8188-258ef7da0002', 'Apple', 'iPhone', 'iOS', '16.3', 'Chrome', '113',
        '7f000101-8692-10ce-8186-928559a10000', '2023-05-16 19:15:06.603567',
        '2023-05-16 19:15:06.603588', true);
INSERT INTO device
VALUES ('7f000101-8823-1c0f-8188-266e4e810003', 'Apple', 'Macintosh', 'Mac OS', '10.15.7', 'Chrome',
        '113',
        '7f000101-8692-10ce-8186-928559a10000', '2023-05-16 23:19:03.31279',
        '2023-05-16 23:19:03.31281', false);
INSERT INTO device
VALUES ('7f000101-8823-1c0f-8188-33a2db800005', 'Apple', 'iPhone', 'iOS', '16.3.1', 'Mobile Safari',
        '16',
        '7f000101-8692-10ce-8186-928559a10000', '2023-05-19 12:51:31.073154',
        '2023-05-19 12:51:31.073183', true);
INSERT INTO device
VALUES ('7f000101-8823-1c0f-8188-351578ca0006', 'Apple', 'iPhone', 'iOS', '16.5', 'Mobile Safari',
        '16',
        '7f000101-8692-10ce-8186-928559a10000', '2023-05-19 19:36:19.767785',
        '2023-05-19 19:36:19.767815', true);
INSERT INTO device
VALUES ('7f000101-8823-1c0f-8188-37fe4b1f0007', 'Apple', 'Macintosh', 'Mac OS', '10.15.7', 'Chrome',
        '113',
        '7f000101-8692-10ce-8186-928559a10000', '2023-05-20 09:09:52.288559',
        '2023-05-20 09:09:52.288577', false);
INSERT INTO device
VALUES ('11b22e52-2c46-4e5d-901d-c44e259ecdb2', 'Apple', 'Macintosh', 'Mac OS', '10.15.7', 'Chrome',
        '113',
        '7f000101-8692-10ce-8186-928559a10000', '2023-05-23 08:56:42.978911',
        '2023-05-23 08:56:42.978937', false);
INSERT INTO device
VALUES ('9d0f9b00-27f8-47e8-9cb6-8f3c474c5360', 'Apple', 'Macintosh', 'Mac OS', '10.15.7', 'Chrome',
        '113',
        '7f000101-8692-10ce-8186-928559a10000', '2023-05-24 07:03:27.437039',
        '2023-05-24 07:03:27.437057', false);
INSERT INTO device
VALUES ('935b02b3-e6dd-49ec-82c4-8846d58c2a8e', 'Apple', 'iPhone', 'iOS', '16.5', 'Chrome', '113',
        '7f000101-8692-10ce-8186-928559a10000', '2023-05-24 07:04:15.490543',
        '2023-05-24 07:04:15.490563', true);
INSERT INTO device
VALUES ('c732aeb4-5885-488b-8a4d-1e5135c63115', 'Apple', 'Macintosh', 'Mac OS', '10.15.7', 'Chrome',
        '113',
        '7f000101-8692-10ce-8186-928559a10000', '2023-05-25 07:09:27.09742',
        '2023-05-25 07:09:27.09744', false);
INSERT INTO device
VALUES ('ab30e355-21bd-46a2-902f-81adc18f4142', 'none', 'none', 'Linux', 'x86_64', 'Edge', '113',
        '7f000101-8692-10ce-8186-928559a10000', '2023-05-25 07:45:52.775635',
        '2023-05-25 07:45:52.775659', false);
INSERT INTO device
VALUES ('7a789739-db77-4394-8a57-297fb270db47', 'Apple', 'Macintosh', 'Mac OS', '10.15.7', 'Chrome',
        '113',
        '7f000101-8692-10ce-8186-928559a10000', '2023-05-26 08:14:05.208461',
        '2023-05-26 08:14:05.20849', false);
INSERT INTO device
VALUES ('c2a4bf7f-4b55-4cb2-a946-38246cf96a93', 'Apple', 'iPhone', 'iOS', '16.5', 'Mobile Safari',
        '16',
        '7f000101-8692-10ce-8186-928559a10000', '2023-05-29 16:29:50.278881',
        '2023-05-29 16:29:50.278905', true);
INSERT INTO device
VALUES ('5af41065-e081-4742-b8fc-41ec7efab7d3', 'Apple', 'Macintosh', 'Mac OS', '10.15.7', 'Chrome',
        '113',
        '7f000101-8692-10ce-8186-928559a10000', '2023-05-30 07:25:34.33547',
        '2023-05-30 07:25:34.335492', false);
INSERT INTO device
VALUES ('c6ad9591-6766-4d51-8413-19869aa0be94', 'Apple', 'Macintosh', 'Mac OS', '10.15.7', 'Chrome',
        '113',
        '7f000101-8692-10ce-8186-928559a10000', '2023-05-30 17:12:23.593364',
        '2023-05-30 17:12:23.593391', false);
INSERT INTO device
VALUES ('ef2beef1-6099-4d2b-8922-33665792842e', 'Apple', 'Macintosh', 'Mac OS', '10.15.7', 'Chrome',
        '113',
        '7f000101-8692-10ce-8186-928559a10000', '2023-05-31 07:14:56.014046',
        '2023-05-31 07:14:56.014067', false);
INSERT INTO device
VALUES ('2b62f629-a3dd-405f-93fd-26b8d7aca2b9', 'Apple', 'Macintosh', 'Mac OS', '10.15.7', 'Chrome',
        '114',
        '7f000101-8692-10ce-8186-928559a10000', '2023-05-31 12:53:38.09937',
        '2023-05-31 12:53:38.09941', false);
INSERT INTO device
VALUES ('25b14e24-4ab9-4c56-90c5-ac80d634e921', 'Apple', 'Macintosh', 'Mac OS', '10.15.7', 'Chrome',
        '114',
        '7f000101-8692-10ce-8186-928559a10000', '2023-05-31 15:07:19.529295',
        '2023-05-31 15:07:19.529318', false);
INSERT INTO device
VALUES ('0604ca93-32b7-4dae-afb0-eda45671094b', 'Apple', 'Macintosh', 'Mac OS', '10.15.7', 'Chrome',
        '114',
        '7f000101-8692-10ce-8186-928559a10000', '2023-06-01 07:03:56.674075',
        '2023-06-01 07:03:56.674116', false);
INSERT INTO device
VALUES ('1bd7280e-a3b2-4d66-9926-ec0680d2e15d', 'none', 'none', 'Windows', '10', 'Chrome', '114',
        '7f000101-86a7-1949-8186-ab8ec5f30000', '2023-06-01 19:25:45.565052',
        '2023-06-01 19:25:45.565084', false);
INSERT INTO device
VALUES ('f725b980-7b6e-4c7d-bb50-505205308cb4', 'none', 'none', 'Windows', '10', 'Chrome', '114',
        '7f000101-86a7-1949-8186-ab8ec5f30000', '2023-06-01 19:26:10.090301',
        '2023-06-01 19:26:10.090322', false);
INSERT INTO device
VALUES ('bd6a5918-c2e2-402a-989f-481d5dbe320a', 'none', 'none', 'Windows', '10', 'Chrome', '114',
        '7f000101-86a7-1949-8186-ab8ec5f30000', '2023-06-01 19:26:49.942898',
        '2023-06-01 19:26:49.942916', false);
INSERT INTO device
VALUES ('2421d116-41be-4958-a8f7-076725b68979', 'none', 'none', 'Windows', '10', 'Chrome', '114',
        '7f000101-86a7-1949-8186-ab8ec5f30000', '2023-06-01 19:27:36.717462',
        '2023-06-01 19:27:36.717481', false);
INSERT INTO device
VALUES ('a39b6670-ff53-4e75-8a99-38b948e6af28', 'none', 'none', 'Windows', '10', 'Chrome', '114',
        '7f000101-86a7-1949-8186-ab8ec5f30000', '2023-06-01 19:30:52.079109',
        '2023-06-01 19:30:52.088859', false);
INSERT INTO device
VALUES ('a2aff4b6-fcf3-4ca3-82e9-83f101bef074', 'Samsung', 'SM-G990B', 'Android', '13', 'Facebook',
        '416',
        '7f000101-86a7-1949-8186-ab8ec5f30000', '2023-06-01 19:32:15.575291',
        '2023-06-01 19:32:15.57531', true);
INSERT INTO device
VALUES ('4c4411fb-9895-4175-9a5a-f43f7052c2cc', 'Apple', 'Macintosh', 'Mac OS', '10.15.7', 'Chrome',
        '114',
        '7f000101-8692-10ce-8186-928559a10000', '2023-06-03 12:14:59.891906',
        '2023-06-03 12:14:59.891928', false);
INSERT INTO device
VALUES ('e44472cc-93bb-4d53-900f-ff7240455515', 'Apple', 'iPhone', 'iOS', '16.5', 'Mobile Safari',
        '16',
        '7f000101-8692-10ce-8186-928559a10000', '2023-06-04 20:59:02.665177',
        '2023-06-04 20:59:02.665201', true);
INSERT INTO device
VALUES ('c1f46270-0ec8-4d3e-ad67-d78a600e37e1', 'Apple', 'iPhone', 'iOS', '16.5', 'Mobile Safari',
        '16',
        '7f000101-8692-10ce-8186-928559a10000', '2023-06-04 20:59:23.882971',
        '2023-06-04 20:59:23.882989', true);
INSERT INTO device
VALUES ('a1d43e9c-b13a-4694-a052-fb6c8c788c71', 'Apple', 'iPhone', 'iOS', '16.5', 'Chrome', '114',
        '7f000101-8692-10ce-8186-928559a10000', '2023-06-04 21:00:57.627281',
        '2023-06-04 21:00:57.627303', true);
INSERT INTO device
VALUES ('c87c842b-9ccc-4b11-8da0-056300c9462d', 'Apple', 'iPhone', 'iOS', '16.5', 'Chrome', '114',
        '7f000101-8692-10ce-8186-928559a10000', '2023-06-04 21:01:05.776049',
        '2023-06-04 21:01:05.776083', true);
INSERT INTO device
VALUES ('11773be8-53c5-438f-9a69-79265dfa2e14', 'Apple', 'Macintosh', 'Mac OS', '10.15.7', 'Chrome',
        '114',
        '7f000101-8692-10ce-8186-928559a10000', '2023-06-04 21:17:39.206166',
        '2023-06-04 21:17:39.206191', false);
INSERT INTO device
VALUES ('80da8489-c412-4965-b850-bbc94b336693', 'Apple', 'iPhone', 'iOS', '16.5', 'Mobile Safari',
        '16',
        '7f000101-8692-10ce-8186-928559a10000', '2023-06-04 21:20:07.547719',
        '2023-06-04 21:20:07.547744', true);
INSERT INTO device
VALUES ('c7d13e93-b8b8-4165-9ba0-30ed1ade1e02', 'Apple', 'iPhone', 'iOS', '16.5', 'Mobile Safari',
        '16',
        '7f000101-8692-10ce-8186-928559a10000', '2023-06-04 21:20:45.007516',
        '2023-06-04 21:20:45.007543', true);
INSERT INTO device
VALUES ('e2d284b3-162d-48f0-9fe2-706d5ad1f77e', 'Apple', 'iPhone', 'iOS', '16.5', 'Mobile Safari',
        '16',
        '7f000101-8692-10ce-8186-928559a10000', '2023-06-04 21:25:54.581343',
        '2023-06-04 21:25:54.581391', true);
INSERT INTO device
VALUES ('93621267-26a8-4ad4-8d41-478a67fdd24f', 'Apple', 'iPhone', 'iOS', '16.5', 'Mobile Safari',
        '16',
        '7f000101-8692-10ce-8186-928559a10000', '2023-06-05 07:32:50.104621',
        '2023-06-05 07:32:50.104647', true);
INSERT INTO device
VALUES ('baa0d911-0a4c-4b91-9f6e-ca86cb184474', 'Apple', 'iPhone', 'iOS', '16.5', 'Mobile Safari',
        '16',
        '7f000101-8692-10ce-8186-928559a10000', '2023-06-05 07:53:17.491574',
        '2023-06-05 07:53:17.4916', true);
INSERT INTO device
VALUES ('a8c65e79-5ea8-43ee-93f1-429bd17c1aaf', 'Apple', 'iPhone', 'iOS', '16.5', 'Mobile Safari',
        '16',
        '7f000101-8692-10ce-8186-928559a10000', '2023-06-05 07:54:16.055167',
        '2023-06-05 07:54:16.055188', true);
INSERT INTO device
VALUES ('bceb27db-6e1b-47d6-b464-19e131620525', 'Apple', 'iPhone', 'iOS', '16.5', 'Mobile Safari',
        '16',
        '7f000101-8692-10ce-8186-928559a10000', '2023-06-05 08:01:36.415435',
        '2023-06-05 08:01:36.415462', true);
INSERT INTO device
VALUES ('8a8cd93f-28f2-42c3-aa45-7fa7713d76b3', 'Apple', 'iPhone', 'iOS', '16.5', 'Mobile Safari',
        '16',
        '7f000101-8692-10ce-8186-928559a10000', '2023-06-05 08:05:02.23759',
        '2023-06-05 08:05:02.237616', true);
INSERT INTO device
VALUES ('cd5dcad4-fa71-4252-a641-4f73308e4519', 'Apple', 'iPhone', 'iOS', '16.5', 'Mobile Safari',
        '16',
        '7f000101-8692-10ce-8186-928559a10000', '2023-06-05 08:20:30.861745',
        '2023-06-05 08:20:30.861762', true);
INSERT INTO device
VALUES ('eafca27e-42b1-4b69-910b-39fedd17d68a', 'Apple', 'iPhone', 'iOS', '16.5', 'Mobile Safari',
        '16',
        '7f000101-8692-10ce-8186-928559a10000', '2023-06-05 08:22:21.207964',
        '2023-06-05 08:22:21.207985', true);
INSERT INTO device
VALUES ('03c8c773-b457-4f84-a94b-8bb6477cbd6c', 'Apple', 'iPhone', 'iOS', '16.5', 'Mobile Safari',
        '16',
        '7f000101-8692-10ce-8186-928559a10000', '2023-06-05 08:25:33.283486',
        '2023-06-05 08:25:33.28351', true);
INSERT INTO device
VALUES ('9f250200-d45c-496a-82da-0ce20da63133', 'Apple', 'iPhone', 'iOS', '16.5', 'Mobile Safari',
        '16',
        '7f000101-8692-10ce-8186-928559a10000', '2023-06-05 08:43:41.528392',
        '2023-06-05 08:43:41.528422', true);
INSERT INTO device
VALUES ('ddc718a4-a65e-4db4-8fb7-c57cfe68eccd', 'Apple', 'iPhone', 'iOS', '16.5', 'Mobile Safari',
        '16',
        '7f000101-8692-10ce-8186-928559a10000', '2023-06-05 08:49:20.585053',
        '2023-06-05 08:49:20.585074', true);
INSERT INTO device
VALUES ('3ae230c5-bfb0-4dbf-b488-40799ba37707', 'Apple', 'iPhone', 'iOS', '16.5', 'Mobile Safari',
        '16',
        '7f000101-8692-10ce-8186-928559a10000', '2023-06-05 13:28:19.211951',
        '2023-06-05 13:28:19.211978', true);
INSERT INTO device
VALUES ('2b121c99-bc44-4d93-ad24-0cb1b459c3ec', 'Apple', 'Macintosh', 'Mac OS', '10.15.7', 'Chrome',
        '114',
        '7f000101-8692-10ce-8186-928559a10000', '2023-06-05 13:41:00.190673',
        '2023-06-05 13:41:00.190704', false);
INSERT INTO device
VALUES ('310a130c-b02e-41ca-ba05-b6cbcde1ecf4', 'Apple', 'Macintosh', 'Mac OS', '10.15.7', 'Chrome',
        '114',
        '7f000101-8692-10ce-8186-928559a10000', '2023-06-06 14:05:47.67996',
        '2023-06-06 14:05:47.679982', false);
INSERT INTO device
VALUES ('160bcf82-8ccc-4cd8-83e9-8b76184ebeeb', 'Apple', 'Macintosh', 'Mac OS', '10.15.7', 'Chrome',
        '114',
        '7f000101-8692-10ce-8186-928559a10000', '2023-06-07 07:46:35.572972',
        '2023-06-07 07:46:35.572999', false);
INSERT INTO device
VALUES ('d22c3d2c-921a-4263-8c39-1eeb826a34d9', 'Apple', 'Macintosh', 'Mac OS', '10.15.7', 'Chrome',
        '114',
        '7f000101-8692-10ce-8186-928559a10000', '2023-06-08 07:14:07.593801',
        '2023-06-08 07:14:07.593825', false);
INSERT INTO device
VALUES ('ecbdbe54-aaf9-49be-8414-4529cd70c83f', 'none', 'none', 'Windows', '10', 'Chrome', '114',
        '7f000101-86a7-1949-8186-ab8ec5f30000', '2023-06-08 14:23:17.529266',
        '2023-06-08 14:23:17.52929', false);
INSERT INTO device
VALUES ('8f295836-0df4-407a-88cf-5adb847a8757', 'Apple', 'Macintosh', 'Mac OS', '10.15.7', 'Chrome',
        '114',
        '7f000101-8692-10ce-8186-928559a10000', '2023-06-09 07:46:49.100809',
        '2023-06-09 07:46:49.100827', false);
INSERT INTO device
VALUES ('1880d1b2-d313-451b-806f-a863300daf35', 'Apple', 'Macintosh', 'Mac OS', '10.15.7', 'Opera',
        '99',
        '7f000101-8692-10ce-8186-928559a10000', '2023-06-09 09:55:51.112085',
        '2023-06-09 09:55:51.112109', false);
INSERT INTO device
VALUES ('ff7f1ab9-a159-4bbb-9b3b-a60854783fa9', 'Apple', 'iPhone', 'iOS', '16.5', 'Mobile Safari',
        '16',
        '7f000101-8692-10ce-8186-928559a10000', '2023-06-10 11:11:01.474609',
        '2023-06-10 11:11:01.474631', true);
INSERT INTO device
VALUES ('ec57d18c-0d15-4287-ba21-2e165d918506', 'Apple', 'iPhone', 'iOS', '16.5', 'Mobile Safari',
        '16',
        '7f000101-8692-10ce-8186-928559a10000', '2023-06-10 13:27:53.945934',
        '2023-06-10 13:27:53.945949', true);
INSERT INTO device
VALUES ('1231752e-b401-437a-aedb-0f684dfda34c', 'Apple', 'iPhone', 'iOS', '16.5', 'Mobile Safari',
        '16',
        '7f000101-8692-10ce-8186-928559a10000', '2023-06-10 17:09:43.196846',
        '2023-06-10 17:09:43.196874', true);
INSERT INTO device
VALUES ('2530a562-343b-4158-b6f9-fb582ead8cf5', 'Apple', 'Macintosh', 'Mac OS', '10.15.7', 'Chrome',
        '114',
        '7f000101-8692-10ce-8186-928559a10000', '2023-06-13 06:43:36.528701',
        '2023-06-13 06:43:36.528724', false);
INSERT INTO device
VALUES ('7625e820-bf71-4efb-a2cf-40a02c53b093', 'Apple', 'iPhone', 'iOS', '16.5', 'Mobile Safari',
        '16',
        '7f000101-8692-10ce-8186-928559a10000', '2023-06-16 11:17:27.078495',
        '2023-06-16 11:17:27.07851', true);
INSERT INTO device
VALUES ('aa4c51ec-e729-48b5-8b2a-e6ed59b39186', 'Apple', 'Macintosh', 'Mac OS', '10.15.7', 'Chrome',
        '114',
        '7f000101-8692-10ce-8186-928559a10000', '2023-06-16 16:01:09.759825',
        '2023-06-16 16:01:09.759842', false);
INSERT INTO device
VALUES ('41ad9a3a-a1ba-44d1-81bc-fb7c30791904', 'Apple', 'Macintosh', 'Mac OS', '10.15.7', 'Chrome',
        '114',
        '7f000101-8692-10ce-8186-928559a10000', '2023-06-26 07:33:01.702565',
        '2023-06-26 07:33:01.702652', false);
INSERT INTO device
VALUES ('29f36593-cc31-4f76-b1f3-0805ae237afa', 'Apple', 'Macintosh', 'Mac OS', '10.15.7', 'Chrome',
        '114',
        '7f000101-8692-10ce-8186-928559a10000', '2023-06-27 10:23:44.695943',
        '2023-06-27 10:23:44.695963', false);
INSERT INTO device
VALUES ('a2f794d0-e849-4113-a4f1-79f0d96088bf', 'Apple', 'Macintosh', 'Mac OS', '10.15.7', 'Chrome',
        '114',
        '7f000101-8692-10ce-8186-928559a10000', '2023-06-28 07:31:23.572341',
        '2023-06-28 07:31:23.572369', false);
INSERT INTO device
VALUES ('a071e87a-2061-4aac-971a-9f4b94d267fb', 'Apple', 'Macintosh', 'Mac OS', '10.15.7', 'Chrome',
        '114',
        '7f000101-8692-10ce-8186-928559a10000', '2023-06-29 12:32:52.340014',
        '2023-06-29 12:32:52.340042', false);
INSERT INTO device
VALUES ('41ad8e1e-c9b2-4533-be22-882ee0f0f5c9', 'Apple', 'Macintosh', 'Mac OS', '10.15.7', 'Chrome',
        '114',
        '7f000101-8692-10ce-8186-928559a10000', '2023-07-01 15:32:30.117682',
        '2023-07-01 15:32:30.117706', false);
INSERT INTO device
VALUES ('d5ba1ed5-50dc-42eb-b82f-0158d461d7ac', 'Apple', 'iPhone', 'iOS', '16.5.1', 'Mobile Safari',
        '16',
        '7f000101-8692-10ce-8186-928559a10000', '2023-07-02 00:38:46.287946',
        '2023-07-02 00:38:46.287972', true);
INSERT INTO device
VALUES ('30ca6b04-20d7-4899-9695-58e8ed7b8b7a', 'Apple', 'Macintosh', 'Mac OS', '10.15.7', 'Chrome',
        '114',
        '7f000101-8692-10ce-8186-928559a10000', '2023-07-07 08:20:46.294891',
        '2023-07-07 08:20:46.29491', false);
INSERT INTO device
VALUES ('139aabb7-985e-4d96-be5e-af1926b6d50d', 'Apple', 'Macintosh', 'Mac OS', '10.15.7', 'Chrome',
        '114',
        '7f000101-8692-10ce-8186-928559a10000', '2023-07-11 13:55:11.012904',
        '2023-07-11 13:55:11.01292', false);
INSERT INTO device
VALUES ('751725fc-1579-4f48-b3f6-221241c5f8aa', 'Apple', 'Macintosh', 'Mac OS', '10.15.7', 'Chrome',
        '114',
        '7f000101-8692-10ce-8186-928559a10000', '2023-07-16 12:45:29.53889',
        '2023-07-16 12:45:29.538909', false);
INSERT INTO device
VALUES ('e819ed5c-94e2-4383-90dc-331f4fbc5df2', 'Apple', 'iPhone', 'iOS', '16.5.1', 'Mobile Safari',
        '16',
        '7f000101-8692-10ce-8186-928559a10000', '2023-07-21 08:59:52.394089',
        '2023-07-21 08:59:52.394506', true);
INSERT INTO device
VALUES ('3f1ee91b-d9f1-49ab-86a9-c9a519ef3bf2', 'Apple', 'Macintosh', 'Mac OS', '10.15.7', 'Chrome',
        '114',
        '7f000101-8692-10ce-8186-928559a10000', '2023-07-26 19:21:12.305261',
        '2023-07-26 19:21:12.305298', false);
INSERT INTO device
VALUES ('22e81baf-5e22-4179-8cdf-e661fbf2a98d', 'Apple', 'Macintosh', 'Mac OS', '10.15.7', 'Chrome',
        '115',
        '7f000101-8692-10ce-8186-928559a10000', '2023-07-30 15:31:02.694499',
        '2023-07-30 15:31:02.694535', false);
INSERT INTO device
VALUES ('644a42a7-e185-4d93-a1ab-e66df39e011b', 'Apple', 'Macintosh', 'Mac OS', '10.15.7', 'Chrome',
        '115',
        '7f000101-8692-10ce-8186-928559a10000', '2023-07-31 09:29:07.785665',
        '2023-07-31 09:29:07.785695', false);
INSERT INTO device
VALUES ('7d26d000-1b7f-4edf-89e4-d285e649973f', 'none', 'none', 'Windows', '10', 'Chrome', '114',
        '7f000101-86cb-1a20-8186-cba95fd40000', '2023-07-31 09:36:12.31056',
        '2023-07-31 09:36:12.310586', false);
INSERT INTO device
VALUES ('1e47a7b4-92b9-41d9-8e84-c01ff148c925', 'Apple', 'Macintosh', 'Mac OS', '10.15.7', 'Chrome',
        '115',
        '7f000101-8692-10ce-8186-928559a10000', '2023-08-07 09:16:08.129934',
        '2023-08-07 09:16:08.129955', false);
INSERT INTO device
VALUES ('f300e8e7-d4c6-4bd1-a4dc-3e2df5bd441f', 'Apple', 'Macintosh', 'Mac OS', '10.15.7', 'Chrome',
        '115',
        '7f000101-8692-10ce-8186-928559a10000', '2023-08-08 08:33:02.757281',
        '2023-08-08 08:33:02.757301', false);
INSERT INTO device
VALUES ('9068f1c4-fbe1-4a3c-b3ae-b13f7e8cdcfe', 'Apple', 'iPhone', 'iOS', '16.5.1', 'Mobile Safari',
        '16',
        '7f000101-8692-10ce-8186-928559a10000', '2023-08-08 09:47:12.970213',
        '2023-08-08 09:47:12.970239', true);
INSERT INTO device
VALUES ('bc467d38-50ce-475d-b977-6bef84eefaff', 'Apple', 'iPhone', 'iOS', '16.5.1', 'Mobile Safari',
        '16',
        '7f000101-8692-10ce-8186-928559a10000', '2023-08-08 09:47:57.407625',
        '2023-08-08 09:47:57.40765', true);
INSERT INTO device
VALUES ('71e731ce-ae48-4b50-8922-4cfd7ad27dcd', 'Apple', 'Macintosh', 'Mac OS', '10.15.7', 'Chrome',
        '115',
        '7f000101-8692-10ce-8186-928559a10000', '2023-08-08 10:04:08.874478',
        '2023-08-08 10:04:08.874498', false);
INSERT INTO device
VALUES ('949184aa-601b-4017-9c03-cb7a6675b6fe', 'Apple', 'Macintosh', 'Mac OS', '10.15.7', 'Chrome',
        '115',
        '7f000101-8692-10ce-8186-928559a10000', '2023-08-08 10:17:48.066257',
        '2023-08-08 10:17:48.066278', false);
INSERT INTO device
VALUES ('58fc7e5e-4bb8-46ce-854c-d658148dbfa6', 'Apple', 'iPhone', 'iOS', '16.5.1', 'Mobile Safari',
        '16',
        '7f000101-8692-10ce-8186-928559a10000', '2023-08-08 10:23:11.053017',
        '2023-08-08 10:23:11.05304', true);
INSERT INTO device
VALUES ('9d3cd55a-fa18-44eb-a60a-753f7f64fedd', 'Apple', 'iPhone', 'iOS', '16.5.1', 'Mobile Safari',
        '16',
        '7f000101-8692-10ce-8186-928559a10000', '2023-08-09 12:16:53.911861',
        '2023-08-09 12:16:53.911884', true);
INSERT INTO device
VALUES ('94924bf5-c5a3-4b88-bbae-db3caec61262', 'Apple', 'Macintosh', 'Mac OS', '10.15.7', 'Chrome',
        '115',
        '7f000101-8692-10ce-8186-928559a10000', '2023-08-09 20:51:16.574531',
        '2023-08-09 20:51:16.574561', false);
INSERT INTO device
VALUES ('497a3990-99fb-4d5f-9ef6-dd37918c0fac', 'Apple', 'Macintosh', 'Mac OS', '10.15.7', 'Chrome',
        '115',
        '7f000101-8692-10ce-8186-928559a10000', '2023-08-10 14:34:09.476211',
        '2023-08-10 14:34:09.47624', false);
INSERT INTO device
VALUES ('63da07c0-6756-4aef-835d-77e0b9d5ddd2', 'Apple', 'Macintosh', 'Mac OS', '10.15.7', 'Chrome',
        '115',
        '7f000101-8692-10ce-8186-928559a10000', '2023-08-11 07:21:01.133928',
        '2023-08-11 07:21:01.133948', false);
INSERT INTO device
VALUES ('64e26706-94f8-4e03-b923-9de07731cf95', 'Apple', 'iPhone', 'iOS', '16.6', 'Mobile Safari',
        '16',
        '7f000101-86ee-1e52-8186-f605bcd60000', '2023-08-13 14:37:23.24143',
        '2023-08-13 14:37:23.24145', true);
INSERT INTO device
VALUES ('92c30b07-b123-4726-b6f0-94b4b3f9c26e', 'Apple', 'Macintosh', 'Mac OS', '10.15.7', 'Chrome',
        '115',
        '7f000101-8692-10ce-8186-928559a10000', '2023-08-14 07:24:50.207273',
        '2023-08-14 07:24:50.207292', false);
INSERT INTO device
VALUES ('30ca2d29-8e37-42ec-be12-02b78a0801c6', 'Apple', 'Macintosh', 'Mac OS', '10.15.7', 'Chrome',
        '115',
        '7f000101-8692-10ce-8186-928559a10000', '2023-08-15 17:16:47.304866',
        '2023-08-15 17:16:47.304885', false);
INSERT INTO device
VALUES ('bee7055f-bcce-4431-90e8-e05ca540c8ce', 'Apple', 'Macintosh', 'Mac OS', '10.15.7', 'Chrome',
        '116',
        '7f000101-8692-10ce-8186-928559a10000', '2023-08-17 12:58:10.996989',
        '2023-08-17 12:58:10.997015', false);
INSERT INTO device
VALUES ('b33a409f-22e0-4199-b3a6-88e5c5bce50c', 'Apple', 'Macintosh', 'Mac OS', '10.15.7', 'Chrome',
        '116',
        '7f000101-8692-10ce-8186-928559a10000', '2023-08-21 07:12:02.37952',
        '2023-08-21 07:12:02.379547', false);
INSERT INTO device
VALUES ('cf322338-bb7d-4bb0-b94f-5eb2aa1058eb', 'Apple', 'Macintosh', 'Mac OS', '10.15.7', 'Chrome',
        '116',
        '7f000101-8692-10ce-8186-928559a10000', '2023-08-24 06:53:55.334655',
        '2023-08-24 06:53:55.334674', false);
INSERT INTO device
VALUES ('f25accc3-3b26-48dd-98f4-ac030147b602', 'Apple', 'Macintosh', 'Mac OS', '10.15.7', 'Chrome',
        '116',
        '7f000101-8692-10ce-8186-928559a10000', '2023-08-28 08:17:38.408586',
        '2023-08-28 08:17:38.408607', false);
INSERT INTO device
VALUES ('ab27c1d7-6484-4490-b2c4-388a50b09f52', 'Apple', 'Macintosh', 'Mac OS', '10.15.7', 'Chrome',
        '116',
        '7f000101-8692-10ce-8186-928559a10000', '2023-08-30 18:32:37.595373',
        '2023-08-30 18:32:37.595397', false);
INSERT INTO device
VALUES ('18e2a31f-9218-4cb9-9c2b-99894d1642dd', 'Apple', 'Macintosh', 'Mac OS', '10.15.7', 'Chrome',
        '116',
        '7f000101-8692-10ce-8186-928559a10000', '2023-09-04 23:01:29.074767',
        '2023-09-04 23:01:29.074793', false);
INSERT INTO device
VALUES ('6a281b6a-5b1b-41cc-900d-41cadeb21208', 'Apple', 'Macintosh', 'Mac OS', '10.15.7', 'Chrome',
        '116',
        '7f000101-8692-10ce-8186-928559a10000', '2023-09-06 09:17:25.804256',
        '2023-09-06 09:17:25.804284', false);
INSERT INTO device
VALUES ('885fd9f2-0a7a-41de-8100-a0a7991cdb4a', 'Apple', 'Macintosh', 'Mac OS', '10.15.7', 'Chrome',
        '116',
        '7f000101-8692-10ce-8186-928559a10000', '2023-09-07 06:35:34.057621',
        '2023-09-07 06:35:34.057642', false);
INSERT INTO device
VALUES ('6e6befdc-102e-4020-a108-8cf5c4060ddc', 'Apple', 'Macintosh', 'Mac OS', '10.15.7', 'Chrome',
        '116',
        '7f000101-8692-10ce-8186-928559a10000', '2023-09-11 06:12:53.742963',
        '2023-09-11 06:12:53.742981', false);
INSERT INTO device
VALUES ('69bacf99-75cf-40c7-8476-6dbe2107633f', 'Apple', 'Macintosh', 'Mac OS', '10.15.7', 'Chrome',
        '116',
        '7f000101-8692-10ce-8186-928559a10000', '2023-09-12 08:16:35.597628',
        '2023-09-12 08:16:35.597663', false);
INSERT INTO device
VALUES ('4397ba96-7849-4ed8-9134-1f8896070018', 'Apple', 'Macintosh', 'Mac OS', '10.15.7', 'Chrome',
        '116',
        '7f000101-8692-10ce-8186-928559a10000', '2023-09-13 07:50:29.69287',
        '2023-09-13 07:50:29.692894', false);
INSERT INTO device
VALUES ('3d7568ab-69fe-49f0-b5cf-bdead0b509c3', 'Apple', 'Macintosh', 'Mac OS', '10.15.7', 'Chrome',
        '117',
        '7f000101-8692-10ce-8186-928559a10000', '2023-09-20 09:05:30.979225',
        '2023-09-20 09:05:30.979256', false);
INSERT INTO device
VALUES ('2352ef6e-7abc-4015-af56-f590cd663553', 'Apple', 'Macintosh', 'Mac OS', '10.15.7', 'Chrome',
        '117',
        '7f000101-8692-10ce-8186-928559a10000', '2023-09-20 10:17:38.388502',
        '2023-09-20 10:17:38.388537', false);
INSERT INTO device
VALUES ('907f1b76-2224-4699-9fcf-537a34369eb1', 'Apple', 'iPhone', 'iOS', '17.0.1', 'Mobile Safari',
        '17',
        '7f000101-8692-10ce-8186-928559a10000', '2023-09-26 22:37:44.674133',
        '2023-09-26 22:37:44.674163', true);
INSERT INTO device
VALUES ('7ec9e1e0-5d71-4162-b0d8-d2b87a8c3855', 'Apple', 'iPhone', 'iOS', '17.0.1', 'Mobile Safari',
        '17',
        '7f000101-8692-10ce-8186-928559a10000', '2023-09-27 01:52:34.537295',
        '2023-09-27 01:52:34.53732', true);
INSERT INTO device
VALUES ('9915837e-d372-45da-ac4f-fcafe5ed811c', 'Samsung', 'SM-G975F', 'Android', '12', 'Facebook',
        '433',
        '7f000101-86ee-1e52-8186-f93d57700001', '2023-09-27 20:17:09.900906',
        '2023-09-27 20:17:09.900937', true);
INSERT INTO device
VALUES ('9e54313b-53e7-476b-8eb5-2ccd13633204', 'Apple', 'iPhone', 'iOS', '17.0.1', 'Mobile Safari',
        '17',
        '7f000101-8692-10ce-8186-928559a10000', '2023-09-27 21:21:14.783478',
        '2023-09-27 21:21:14.783501', true);
INSERT INTO device
VALUES ('0c627956-37ba-4783-a266-a9934feae4fe', 'Apple', 'Macintosh', 'Mac OS', '10.15.7', 'Chrome',
        '117',
        '7f000101-8692-10ce-8186-928559a10000', '2023-09-28 07:13:18.694013',
        '2023-09-28 07:13:18.694032', false);
INSERT INTO device
VALUES ('30e8a1cb-c3a1-4a05-94b4-e4d5f4145bec', 'Apple', 'iPhone', 'iOS', '17.0.1', 'Mobile Safari',
        '17',
        '7f000101-8692-10ce-8186-928559a10000', '2023-09-28 18:51:13.774283',
        '2023-09-28 18:51:13.774309', true);
INSERT INTO device
VALUES ('516175c6-1ce8-418a-b5c0-b7b693415f07', 'Apple', 'iPhone', 'iOS', '17.0.1', 'Mobile Safari',
        '17',
        '7f000101-8692-10ce-8186-928559a10000', '2023-09-28 19:35:04.576442',
        '2023-09-28 19:35:04.576461', true);
INSERT INTO device
VALUES ('44b905cc-1590-4568-be58-c11a67edcded', 'Apple', 'iPhone', 'iOS', '17.0.1', 'Mobile Safari',
        '17',
        '7f000101-8692-10ce-8186-928559a10000', '2023-10-02 19:33:44.584618',
        '2023-10-02 19:33:44.584639', true);
INSERT INTO device
VALUES ('6a168936-16ee-494d-a1c5-d022d256328a', 'Apple', 'Macintosh', 'Mac OS', '10.15.7', 'Chrome',
        '117',
        '7f000101-86bc-1322-8186-cb841a110000', '2023-10-07 18:25:43.866831',
        '2023-10-07 18:25:43.866831', false);
INSERT INTO device
VALUES ('302cd808-6459-49ff-8644-985116ad5358', 'Apple', 'iPhone', 'iOS', '17.0.1', 'Mobile Safari',
        '17',
        '7f000101-8692-10ce-8186-928559a10000', '2023-10-07 18:58:54.516763',
        '2023-10-07 18:58:54.516763', true);
INSERT INTO device
VALUES ('09757b37-c0c2-46e2-bad4-dbbfb83e09d3', 'Apple', 'Macintosh', 'Mac OS', '10.15.7', 'Chrome',
        '117',
        '7f000101-8692-10ce-8186-928559a10000', '2023-10-09 08:05:55.979913',
        '2023-10-09 08:05:55.979913', false);
INSERT INTO device
VALUES ('96f7f635-0ba2-4085-95da-5aaef6c1be2b', 'Apple', 'Macintosh', 'Mac OS', '10.15.7', 'Chrome',
        '117',
        '7f000101-8692-10ce-8186-928559a10000', '2023-10-10 06:49:38.295901',
        '2023-10-10 06:49:38.295901', false);
INSERT INTO device
VALUES ('84671729-52d3-484f-907e-4f1615966db5', 'Apple', 'Macintosh', 'Mac OS', '10.15.7', 'Chrome',
        '117',
        '7f000101-8692-10ce-8186-928559a10000', '2023-10-10 16:49:00.468858',
        '2023-10-10 16:49:00.468858', false);
INSERT INTO device
VALUES ('22a63c7b-03f0-4494-8334-dc923ce41042', 'Apple', 'Macintosh', 'Mac OS', '10.15.7', 'Chrome',
        '117',
        '7f000101-8692-10ce-8186-928559a10000', '2023-10-11 06:46:00.543398',
        '2023-10-11 06:46:00.543398', false);
INSERT INTO device
VALUES ('6f9b0b4d-ef02-4012-9379-8f86c9eb71b0', 'Apple', 'Macintosh', 'Mac OS', '10.15.7', 'Chrome',
        '117',
        '7f000101-8692-10ce-8186-928559a10000', '2023-10-12 07:00:23.369964',
        '2023-10-12 07:00:23.369964', false);
INSERT INTO device
VALUES ('7f59191d-b883-49fa-bce6-6eba49266702', 'Apple', 'Macintosh', 'Mac OS', '10.15.7', 'Chrome',
        '117',
        '7f000101-8692-10ce-8186-928559a10000', '2023-10-13 06:50:52.102814',
        '2023-10-13 06:50:52.102814', false);
INSERT INTO device
VALUES ('51a7a142-cec3-40e1-8a1f-93a57c75139e', 'Apple', 'Macintosh', 'Mac OS', '10.15.7', 'Chrome',
        '118',
        '7f000101-8692-10ce-8186-928559a10000', '2023-10-14 17:01:22.768686',
        '2023-10-14 17:01:22.768686', false);
INSERT INTO device
VALUES ('61f70130-27bb-4e87-bcc2-a6c5a82d4fc1', 'Apple', 'Macintosh', 'Mac OS', '10.15.7', 'Chrome',
        '118',
        '7f000101-8692-10ce-8186-928559a10000', '2023-10-16 04:45:22.859464',
        '2023-10-16 04:45:22.859464', false);
INSERT INTO device
VALUES ('6cbb104a-9adb-4e9f-8de6-9dd02875c899', 'Apple', 'Macintosh', 'Mac OS', '10.15.7', 'Chrome',
        '118',
        '7f000101-8692-10ce-8186-928559a10000', '2023-10-18 07:47:56.697397',
        '2023-10-18 07:47:56.697397', false);
INSERT INTO device
VALUES ('ae140c22-b826-4f69-940f-87ae58c80c60', 'Apple', 'Macintosh', 'Mac OS', '10.15.7', 'Chrome',
        '118',
        '7f000101-8692-10ce-8186-928559a10000', '2023-10-20 07:12:21.451458',
        '2023-10-20 07:12:21.451458', false);
INSERT INTO device
VALUES ('9963986a-dc80-4df0-a29d-9d46fe3c1a52', 'Apple', 'Macintosh', 'Mac OS', '10.15.7', 'Chrome',
        '118',
        '7f000101-8692-10ce-8186-928559a10000', '2023-10-23 07:16:01.30827',
        '2023-10-23 07:16:01.30827', false);
INSERT INTO device
VALUES ('ea5999d6-f61f-447a-ab55-d664080a69a5', 'Apple', 'Macintosh', 'Mac OS', '10.15.7', 'Chrome',
        '118',
        '7f000101-8692-10ce-8186-928559a10000', '2023-10-24 06:50:54.229679',
        '2023-10-24 06:50:54.229679', false);
INSERT INTO device
VALUES ('f106804d-9ec1-412f-b865-689c64f0c6ab', 'Apple', 'Macintosh', 'Mac OS', '10.15.7', 'Chrome',
        '118',
        '7f000101-8692-10ce-8186-928559a10000', '2023-10-25 13:54:21.171241',
        '2023-10-25 13:54:21.171241', false);
INSERT INTO device
VALUES ('9aa481ee-a6ae-4c35-b599-366f55907652', 'Apple', 'Macintosh', 'Mac OS', '10.15.7', 'Chrome',
        '118',
        '7f000101-8692-10ce-8186-928559a10000', '2023-10-26 07:00:24.003908',
        '2023-10-26 07:00:24.003908', false);
INSERT INTO device
VALUES ('1933eab5-11eb-4bbb-afbb-6c7c19800e83', 'Apple', 'Macintosh', 'Mac OS', '10.15.7', 'Chrome',
        '118',
        '7f000101-8692-10ce-8186-928559a10000', '2023-10-26 08:38:34.76882',
        '2023-10-26 08:38:34.76882', false);
INSERT INTO device
VALUES ('4ea39adf-3bbb-4a96-9138-68bddeaf78e5', 'Apple', 'Macintosh', 'Mac OS', '10.15.7', 'Chrome',
        '118',
        '7f000101-8692-10ce-8186-928559a10000', '2023-10-26 08:39:28.4751',
        '2023-10-26 08:39:28.4751', false);
INSERT INTO device
VALUES ('bd68fe3e-2887-4d1d-b330-b97272115d05', 'none', 'none', 'Windows', '10', 'Chrome', '118',
        '7f000101-86cb-1a20-8186-cba95fd40000', '2023-10-26 09:04:15.031541',
        '2023-10-26 09:04:15.031541', false);
INSERT INTO device
VALUES ('09e2b60e-3cde-4741-8519-871dd23237f4', 'Apple', 'Macintosh', 'Mac OS', '10.15.7', 'Chrome',
        '118',
        '7f000101-8692-10ce-8186-928559a10000', '2023-10-27 06:03:56.50939',
        '2023-10-27 06:03:56.50939', false);
INSERT INTO device
VALUES ('883d1303-6199-473f-9933-76a2e10f2ccf', 'Apple', 'Macintosh', 'Mac OS', '10.15.7', 'Chrome',
        '118',
        '7f000101-8692-10ce-8186-928559a10000', '2023-10-27 06:04:30.816343',
        '2023-10-27 06:04:30.816343', false);
INSERT INTO device
VALUES ('aa6c5d23-cc21-4862-b1c9-d288fc58b409', 'Apple', 'Macintosh', 'Mac OS', '10.15.7', 'Chrome',
        '118',
        '7f000101-8692-10ce-8186-928559a10000', '2023-10-27 12:42:01.775673',
        '2023-10-27 12:42:01.775673', false);
INSERT INTO device
VALUES ('79488742-cad6-478f-ad1e-fe45ff847ac6', 'Apple', 'Macintosh', 'Mac OS', '10.15.7', 'Chrome',
        '118',
        '7f000101-8692-10ce-8186-928559a10000', '2023-10-28 14:24:22.278888',
        '2023-10-28 14:24:22.278888', false);
INSERT INTO device
VALUES ('b22cb833-90f3-4e7a-ad13-971144f82122', 'Apple', 'Macintosh', 'Mac OS', '10.15.7', 'Chrome',
        '118',
        '7f000101-8692-10ce-8186-928559a10000', '2023-10-29 09:36:41.194106',
        '2023-10-29 09:36:41.194106', false);
INSERT INTO device
VALUES ('18a7b9e1-bc05-42b0-9c59-9c7352bc8be8', 'Apple', 'Macintosh', 'Mac OS', '10.15.7', 'Chrome',
        '118',
        '7f000101-8692-10ce-8186-928559a10000', '2023-10-30 11:51:03.787315',
        '2023-10-30 11:51:03.787315', false);
INSERT INTO device
VALUES ('7473e996-ea2f-48a9-823b-9fe27bcecfa8', 'Apple', 'Macintosh', 'Mac OS', '10.15.7', 'Chrome',
        '118',
        '7f000101-8692-10ce-8186-928559a10000', '2023-10-31 15:39:55.89168',
        '2023-10-31 15:39:55.89168', false);
INSERT INTO device
VALUES ('3caea4bf-362d-4226-9e62-40a7d04f887c', 'Apple', 'Macintosh', 'Mac OS', '10.15.7', 'Chrome',
        '118',
        '7f000101-8692-10ce-8186-928559a10000', '2023-11-01 06:50:10.30725',
        '2023-11-01 06:50:10.30725', false);
INSERT INTO device
VALUES ('23473ffa-51bc-4a5c-a5f7-f7a3a3a45d6b', 'Apple', 'Macintosh', 'Mac OS', '10.15.7', 'Chrome',
        '118',
        '7f000101-8692-10ce-8186-928559a10000', '2023-11-02 13:18:28.175075',
        '2023-11-02 13:18:28.175075', false);
INSERT INTO device
VALUES ('3afdbe3c-ed34-45dc-8afb-d8615894c213', 'Apple', 'Macintosh', 'Mac OS', '10.15.7', 'Chrome',
        '119',
        '7f000101-8692-10ce-8186-928559a10000', '2023-11-03 07:05:38.99397',
        '2023-11-03 07:05:38.99397', false);
INSERT INTO device
VALUES ('ef49748b-4019-4b9b-a3b8-349670a7fcdc', 'Apple', 'Macintosh', 'Mac OS', '10.15.7', 'Chrome',
        '119',
        '7f000101-8692-10ce-8186-928559a10000', '2023-11-06 06:56:45.99259',
        '2023-11-06 06:56:45.99259', false);
INSERT INTO device
VALUES ('f5179b0d-374b-4ad8-b879-dd0eb209e497', 'Apple', 'Macintosh', 'Mac OS', '10.15.7', 'Chrome',
        '119',
        '7f000101-8692-10ce-8186-928559a10000', '2023-11-07 06:42:00.929624',
        '2023-11-07 06:42:00.929624', false);
INSERT INTO device
VALUES ('22af8574-06f0-4c99-b409-1c5221dd4ba5', 'Apple', 'Macintosh', 'Mac OS', '10.15.7', 'Chrome',
        '119',
        '7f000101-8692-10ce-8186-928559a10000', '2023-11-09 06:55:49.596013',
        '2023-11-09 06:55:49.596013', false);
INSERT INTO device
VALUES ('048930e1-c0c4-419a-8783-2e3b49eaabff', 'Apple', 'iPhone', 'iOS', '17.0.3', 'Mobile Safari',
        '17',
        '7f000101-8692-10ce-8186-928559a10000', '2023-11-09 16:12:11.805211',
        '2023-11-09 16:12:11.805211', true);
INSERT INTO device
VALUES ('d8a85049-9659-414f-b1be-134280f13808', 'Apple', 'iPhone', 'iOS', '17.0.3', 'Mobile Safari',
        '17',
        '7f000101-8692-10ce-8186-928559a10000', '2023-11-09 16:12:39.388288',
        '2023-11-09 16:12:39.388288', true);
INSERT INTO device
VALUES ('46ee336f-0c2c-4fe1-ae60-b76c84f8b68c', 'Apple', 'Macintosh', 'Mac OS', '10.15.7', 'Chrome',
        '119',
        '7f000101-8692-10ce-8186-928559a10000', '2023-11-10 15:18:37.614899',
        '2023-11-10 15:18:37.614899', false);
INSERT INTO device
VALUES ('af7d0981-0e41-46ef-bfb5-9a536bbd0691', 'Apple', 'Macintosh', 'Mac OS', '10.15.7', 'Chrome',
        '119',
        '7f000101-8692-10ce-8186-928559a10000', '2023-11-12 12:27:26.2957',
        '2023-11-12 12:27:26.2957', false);
INSERT INTO device
VALUES ('3e450fb2-481c-48c1-b1a2-17800f1fbadd', 'Apple', 'Macintosh', 'Mac OS', '10.15.7', 'Chrome',
        '119',
        '7f000101-8692-10ce-8186-928559a10000', '2023-11-14 09:48:45.909397',
        '2023-11-14 09:48:45.909397', false);
INSERT INTO device
VALUES ('3133404a-146f-45fd-bb0e-bac7d48c822c', 'Samsung', 'SM-G990B', 'Android', '13', 'Facebook',
        '440',
        '7f000101-86a7-1949-8186-ab8ec5f30000', '2023-11-16 12:58:06.511867',
        '2023-11-16 12:58:06.511867', true);
INSERT INTO device
VALUES ('74543cf6-15dc-4d08-9f4f-8380b42e9185', 'Samsung', 'SM-G990B', 'Android', '13', 'Facebook',
        '440',
        '7f000101-86a7-1949-8186-ab8ec5f30000', '2023-11-16 13:01:06.509519',
        '2023-11-16 13:01:06.509519', true);
INSERT INTO device
VALUES ('644fec87-3d02-4de0-8843-eb2a55e37e7b', 'Apple', 'Macintosh', 'Mac OS', '10.15.7', 'Chrome',
        '119',
        '7f000101-8692-10ce-8186-928559a10000', '2023-11-17 14:18:18.529295',
        '2023-11-17 14:18:18.529295', false);
INSERT INTO device
VALUES ('cf5148ec-dc45-41d2-89d7-cd648866fd16', 'Apple', 'Macintosh', 'Mac OS', '10.15.7', 'Chrome',
        '119',
        '7f000101-8692-10ce-8186-928559a10000', '2023-11-21 06:57:22.487792',
        '2023-11-21 06:57:22.487792', false);
INSERT INTO device
VALUES ('930fa989-9e75-485a-9aad-5c62ce5b308a', 'Apple', 'Macintosh', 'Mac OS', '10.15.7', 'Chrome',
        '119',
        '7f000101-8692-10ce-8186-928559a10000', '2023-11-21 16:10:04.895438',
        '2023-11-21 16:10:04.895438', false);
INSERT INTO device
VALUES ('4a60b44a-ee67-4dd2-8c50-8fa689f4adb7', 'Apple', 'Macintosh', 'Mac OS', '10.15.7', 'Chrome',
        '119',
        '7f000101-8692-10ce-8186-928559a10000', '2023-11-23 13:08:01.663857',
        '2023-11-23 13:08:01.663857', false);
INSERT INTO device
VALUES ('6dc3ec4e-3f15-411a-9abf-e0d1b83b6949', 'Apple', 'Macintosh', 'Mac OS', '10.15.7', 'Chrome',
        '119',
        '7f000101-8692-10ce-8186-928559a10000', '2023-11-23 13:14:33.895846',
        '2023-11-23 13:14:33.895846', false);
INSERT INTO device
VALUES ('1c4337f4-589e-4965-acbf-a35b0b081339', 'Apple', 'Macintosh', 'Mac OS', '10.15.7', 'Chrome',
        '119',
        '7f000101-8692-10ce-8186-928559a10000', '2023-11-24 13:09:39.004978',
        '2023-11-24 13:09:39.004978', false);
INSERT INTO device
VALUES ('ea8a76b0-07cc-48f7-9f96-db9c15b2745a', 'Apple', 'Macintosh', 'Mac OS', '10.15.7', 'Chrome',
        '119',
        '7f000101-8692-10ce-8186-928559a10000', '2023-11-24 13:42:12.904807',
        '2023-11-24 13:42:12.904807', false);
INSERT INTO device
VALUES ('9150aa78-ce9e-4f6f-b910-53186b8c048c', 'Apple', 'Macintosh', 'Mac OS', '10.15.7', 'Chrome',
        '119',
        '7f000101-8692-10ce-8186-928559a10000', '2023-11-27 07:36:58.199713',
        '2023-11-27 07:36:58.199713', false);
INSERT INTO device
VALUES ('0fd8b31a-3277-4893-9923-ffe22f4859d1', 'none', 'none', 'Windows', '10', 'Chrome', '119',
        '2b3a9df4-1cfb-4411-a99f-0deb877b77f8', '2023-11-27 16:12:02.428023',
        '2023-11-27 16:12:02.428023', false);
INSERT INTO device
VALUES ('0affa512-18bb-4ab0-8b4c-ca4d301bfb5c', 'Apple', 'Macintosh', 'Mac OS', '10.15.7', 'Chrome',
        '119',
        '7f000101-8692-10ce-8186-928559a10000', '2023-11-28 08:33:25.099504',
        '2023-11-28 08:33:25.099504', false);
INSERT INTO device
VALUES ('5676028f-1286-40ad-8797-b2f3793f84d6', 'Apple', 'Macintosh', 'Mac OS', '10.15.7', 'Chrome',
        '119',
        '7f000101-8692-10ce-8186-928559a10000', '2023-11-29 07:03:50.290886',
        '2023-11-29 07:03:50.290886', false);
INSERT INTO device
VALUES ('80bbfc4c-d258-4508-a8fa-fec169edf803', 'Apple', 'Macintosh', 'Mac OS', '10.15.7', 'Chrome',
        '119',
        '7f000101-8692-10ce-8186-928559a10000', '2023-11-30 08:19:39.780224',
        '2023-11-30 08:19:39.780224', false);
INSERT INTO device
VALUES ('f05fce87-a96f-479c-8e9b-30d712524267', 'Apple', 'Macintosh', 'Mac OS', '10.15.7', 'Chrome',
        '119',
        '7f000101-8692-10ce-8186-928559a10000', '2023-12-01 06:34:30.31415',
        '2023-12-01 06:34:30.31415', false);
INSERT INTO device
VALUES ('b63a0272-a7a9-4864-b600-b1657eccea4a', 'Apple', 'Macintosh', 'Mac OS', '10.15.7', 'Chrome',
        '119',
        '7f000101-8692-10ce-8186-928559a10000', '2023-12-02 13:20:58.39116',
        '2023-12-02 13:20:58.39116', false);
INSERT INTO device
VALUES ('d2e97cc4-89ee-4482-99b8-bb3c044b098a', 'Apple', 'Macintosh', 'Mac OS', '10.15.7', 'Chrome',
        '120',
        '7f000101-8692-10ce-8186-928559a10000', '2023-12-11 10:24:23.864024',
        '2023-12-11 10:24:23.864024', false);
INSERT INTO device
VALUES ('50f51255-5172-40d9-9cec-d2720248c922', 'Apple', 'Macintosh', 'Mac OS', '10.15.7', 'Chrome',
        '120',
        '7f000101-8692-10ce-8186-928559a10000', '2023-12-13 12:12:42.054748',
        '2023-12-13 12:12:42.054748', false);
INSERT INTO device
VALUES ('2444aed7-1c96-463f-af1a-87245f924792', 'Apple', 'Macintosh', 'Mac OS', '10.15.7', 'Chrome',
        '120',
        '7f000101-8692-10ce-8186-928559a10000', '2023-12-20 06:58:00.679967',
        '2023-12-20 06:58:00.679967', false);
INSERT INTO device
VALUES ('f09491ed-e3d0-481f-92e7-b6a839701379', 'Apple', 'Macintosh', 'Mac OS', '10.15.7', 'Chrome',
        '120',
        '7f000101-8692-10ce-8186-928559a10000', '2023-12-22 09:41:44.365554',
        '2023-12-22 09:41:44.365554', false);
INSERT INTO device
VALUES ('49f6c0f7-8bd9-4746-8440-4e3b9d085a1f', 'Apple', 'Macintosh', 'Mac OS', '10.15.7', 'Chrome',
        '120',
        '7f000101-8692-10ce-8186-928559a10000', '2024-01-02 07:25:02.554088',
        '2024-01-02 07:25:02.554088', false);
INSERT INTO device
VALUES ('4fc190e3-83f3-43d0-a085-9bf2354dc860', 'Apple', 'Macintosh', 'Mac OS', '10.15.7', 'Chrome',
        '120',
        '7f000101-8692-10ce-8186-928559a10000', '2024-01-02 07:25:15.177342',
        '2024-01-02 07:25:15.177342', false);
INSERT INTO device
VALUES ('79c74b52-8893-4e94-a76b-413af2850de6', 'Apple', 'Macintosh', 'Mac OS', '10.15.7', 'Chrome',
        '120',
        '7f000101-8692-10ce-8186-928559a10000', '2024-01-04 12:04:42.29048',
        '2024-01-04 12:04:42.29048', false);
INSERT INTO device
VALUES ('bfed8ec2-8b3c-4965-a6e3-205ff6484aac', 'Apple', 'Macintosh', 'Mac OS', '10.15.7', 'Chrome',
        '120',
        '7f000101-8692-10ce-8186-928559a10000', '2024-01-15 06:58:05.667391',
        '2024-01-15 06:58:05.667391', false);
INSERT INTO device
VALUES ('dc9c2066-e3e4-454f-8ab8-b7777a2bf5d8', 'Apple', 'Macintosh', 'Mac OS', '10.15.7', 'Chrome',
        '120',
        '7f000101-8692-10ce-8186-928559a10000', '2024-01-17 06:47:20.660994',
        '2024-01-17 06:47:20.660994', false);
INSERT INTO device
VALUES ('8e541f84-f0ea-4e0e-8190-021f8d51db98', 'Apple', 'Macintosh', 'Mac OS', '10.15.7', 'Chrome',
        '120',
        '7f000101-8692-10ce-8186-928559a10000', '2024-01-23 14:59:53.36443',
        '2024-01-23 14:59:53.36443', false);
INSERT INTO device
VALUES ('f2cd58f6-6da9-4598-8749-f908d5be2903', 'Apple', 'Macintosh', 'Mac OS', '10.15.7', 'Chrome',
        '120',
        '7f000101-8692-10ce-8186-928559a10000', '2024-01-23 15:02:04.748552',
        '2024-01-23 15:02:04.748552', false);
INSERT INTO device
VALUES ('c67e05b0-cb44-460b-a03f-4002c0278782', 'Apple', 'Macintosh', 'Mac OS', '10.15.7', 'Chrome',
        '120',
        '7f000101-8692-10ce-8186-928559a10000', '2024-01-23 15:02:28.263719',
        '2024-01-23 15:02:28.263719', false);
INSERT INTO device
VALUES ('b7800dd9-ea31-47e2-990b-f8882862204e', 'Apple', 'Macintosh', 'Mac OS', '10.15.7', 'Chrome',
        '120',
        '7f000101-8692-10ce-8186-928559a10000', '2024-01-24 07:19:18.558771',
        '2024-01-24 07:19:18.558771', false);
INSERT INTO device
VALUES ('f099f29b-ba6b-4b4b-9a10-0ef951b0eba3', 'Apple', 'Macintosh', 'Mac OS', '10.15.7', 'Chrome',
        '121',
        '7f000101-8692-10ce-8186-928559a10000', '2024-01-24 11:43:36.95114',
        '2024-01-24 11:43:36.95114', false);
INSERT INTO device
VALUES ('60676dfc-64b5-4353-8274-2a9771cdab6f', 'Apple', 'Macintosh', 'Mac OS', '10.15.7', 'Chrome',
        '121',
        '7f000101-8692-10ce-8186-928559a10000', '2024-01-25 06:48:19.881771',
        '2024-01-25 06:48:19.881771', false);
INSERT INTO device
VALUES ('fbc4e389-c608-40b4-aa69-c13e3332d1f2', 'Apple', 'Macintosh', 'Mac OS', '10.15.7', 'Chrome',
        '121', '7f000101-8692-10ce-8186-928559a10000', '2024-02-20 07:47:53.151854',
        '2024-02-20 07:47:53.151854', false);
INSERT INTO device
VALUES ('75317654-c82d-4927-8caa-7b37beedbe4f', 'Apple', 'Macintosh', 'Mac OS', '10.15.7', 'Chrome',
        '121', '7f000101-8692-10ce-8186-928559a10000', '2024-02-20 15:53:51.262027',
        '2024-02-20 15:53:51.262027', false);
INSERT INTO device
VALUES ('7964e5ba-8a7e-4b90-ae1d-77b94b978223', 'Apple', 'Macintosh', 'Mac OS', '10.15.7', 'Chrome',
        '122', '7f000101-8692-10ce-8186-928559a10000', '2024-02-22 13:13:53.968071',
        '2024-02-22 13:13:53.968071', false);
INSERT INTO device
VALUES ('f35cf25d-5412-4bba-b9d4-7e9b70fe72a7', 'Apple', 'Macintosh', 'Mac OS', '10.15.7', 'Chrome',
        '122', '7f000101-8692-10ce-8186-928559a10000', '2024-02-23 19:32:23.295868',
        '2024-02-23 19:32:23.295868', false);
INSERT INTO device
VALUES ('c54547c1-6fb0-4bf5-a76e-9da714f579b5', 'Apple', 'Macintosh', 'Mac OS', '10.15.7', 'Chrome',
        '122', '7f000101-8692-10ce-8186-928559a10000', '2024-02-26 06:49:47.063417',
        '2024-02-26 06:49:47.063417', false);
INSERT INTO device
VALUES ('6b3e1e0f-0f05-47e6-ad2f-8317b77816bb', 'Apple', 'Macintosh', 'Mac OS', '10.15.7', 'Chrome',
        '122', '7f000101-8692-10ce-8186-928559a10000', '2024-02-28 08:42:42.091536',
        '2024-02-28 08:42:42.091536', false);
INSERT INTO device
VALUES ('44b8fa88-5b58-48eb-a274-87abe585c637', 'Apple', 'Macintosh', 'Mac OS', '10.15.7', 'Chrome',
        '122', '7f000101-8692-10ce-8186-928559a10000', '2024-02-28 14:52:04.593925',
        '2024-02-28 14:52:04.593925', false);
INSERT INTO device
VALUES ('354a1a02-416c-4d87-9b65-882553c1fc62', 'Apple', 'Macintosh', 'Mac OS', '10.15.7', 'Chrome',
        '122', '7f000101-8692-10ce-8186-928559a10000', '2024-03-01 12:51:16.759847',
        '2024-03-01 12:51:16.759847', false);
INSERT INTO device
VALUES ('cec0d0c7-7685-4bbb-9517-8a2b9798a309', 'Apple', 'Macintosh', 'Mac OS', '10.15.7', 'Chrome',
        '122', '7f000101-8692-10ce-8186-928559a10000', '2024-03-02 12:23:11.366687',
        '2024-03-02 12:23:11.366687', false);
INSERT INTO device
VALUES ('e1f43dec-4a80-4e38-84dd-f233441a676a', 'Apple', 'Macintosh', 'Mac OS', '10.15.7', 'Chrome',
        '122', '7f000101-8692-10ce-8186-928559a10000', '2024-03-07 20:35:32.075625',
        '2024-03-07 20:35:32.075625', false);
INSERT INTO device
VALUES ('ae45fb7c-4aa6-4264-84f2-68a0181226de', 'Apple', 'Macintosh', 'Mac OS', '10.15.7', 'Chrome',
        '122', '7f000101-8692-10ce-8186-928559a10000', '2024-03-08 08:02:40.393288',
        '2024-03-08 08:02:40.393288', false);
INSERT INTO device
VALUES ('75e6b9c8-0a83-4c92-8ab5-dd2965f34889', 'Apple', 'Macintosh', 'Mac OS', '10.15.7', 'Chrome',
        '122', '7f000101-8692-10ce-8186-928559a10000', '2024-03-13 09:31:32.773373',
        '2024-03-13 09:31:32.773373', false);
INSERT INTO device
VALUES ('b1bd9ace-4afa-4bfb-9a9e-b036870827cf', 'Apple', 'Macintosh', 'Mac OS', '10.15.7', 'Chrome',
        '122', '7f000101-8692-10ce-8186-928559a10000', '2024-03-18 09:53:05.094392',
        '2024-03-18 09:53:05.094392', false);
INSERT INTO device
VALUES ('93ffee64-2388-42a4-a7cc-9c0a0a193353', 'Apple', 'Macintosh', 'Mac OS', '10.15.7', 'Chrome',
        '123', '7f000101-8692-10ce-8186-928559a10000', '2024-03-25 09:30:28.798015',
        '2024-03-25 09:30:28.798015', false);
INSERT INTO device
VALUES ('41b28cbc-0b9f-41ed-903c-586f8dfe8212', 'Apple', 'Macintosh', 'Mac OS', '10.15.7', 'Chrome',
        '123', '7f000101-8692-10ce-8186-928559a10000', '2024-03-28 12:15:50.466363',
        '2024-03-28 12:15:50.466363', false);
INSERT INTO device
VALUES ('4aef6ba0-a455-4c0a-8af2-5508a1b7391d', 'Apple', 'Macintosh', 'Mac OS', '10.15.7', 'Chrome',
        '123', '7f000101-8692-10ce-8186-928559a10000', '2024-04-01 05:09:07.05811',
        '2024-04-01 05:09:07.05811', false);
INSERT INTO device
VALUES ('d23437a1-afd6-4c21-bd9f-f1cbb79f8804', 'Apple', 'Macintosh', 'Mac OS', '10.15.7', 'Chrome',
        '123', '7f000101-8692-10ce-8186-928559a10000', '2024-04-05 12:04:26.826091',
        '2024-04-05 12:04:26.826091', false);
INSERT INTO device
VALUES ('39d85623-cfbc-4136-97af-89fadc8dd3e9', 'Apple', 'Macintosh', 'Mac OS', '10.15.7', 'Chrome',
        '123', '7f000101-8692-10ce-8186-928559a10000', '2024-04-08 06:09:19.569995',
        '2024-04-08 06:09:19.569995', false);
INSERT INTO device
VALUES ('1733ec6b-26e6-45b6-9baf-ae227ef7b233', 'Apple', 'Macintosh', 'Mac OS', '10.15.7', 'Chrome',
        '123', '7f000101-8692-10ce-8186-928559a10000', '2024-04-11 06:22:25.839941',
        '2024-04-11 06:22:25.839941', false);
INSERT INTO device
VALUES ('b8f60df2-be80-44ae-9786-a3e83b1288b0', 'Apple', 'Macintosh', 'Mac OS', '10.15.7', 'Chrome',
        '123', '7f000101-8692-10ce-8186-928559a10000', '2024-04-16 17:52:27.053972',
        '2024-04-16 17:52:27.053972', false);
INSERT INTO device
VALUES ('5c68afb3-05cf-44e8-8f6d-9d18082951db', 'Apple', 'Macintosh', 'Mac OS', '10.15.7', 'Chrome',
        '123', '7f000101-8692-10ce-8186-928559a10000', '2024-04-17 07:41:59.99485',
        '2024-04-17 07:41:59.99485', false);
INSERT INTO device
VALUES ('e0538603-6d80-4257-a77b-7869eb81e966', 'Apple', 'Macintosh', 'Mac OS', '10.15.7', 'Chrome',
        '124', '7f000101-8692-10ce-8186-928559a10000', '2024-04-19 06:16:57.476049',
        '2024-04-19 06:16:57.476049', false);
INSERT INTO device
VALUES ('40dba0da-d1e7-4a2f-9395-63cbf9b336f4', 'Apple', 'Macintosh', 'Mac OS', '10.15.7', 'Chrome',
        '124', '7f000101-8692-10ce-8186-928559a10000', '2024-04-22 12:22:55.282378',
        '2024-04-22 12:22:55.282378', false);
INSERT INTO device
VALUES ('5b24a55a-f579-44a6-8078-97da0a887b76', 'Apple', 'Macintosh', 'Mac OS', '10.15.7', 'Chrome',
        '124', '7f000101-8692-10ce-8186-928559a10000', '2024-04-29 08:41:18.855983',
        '2024-04-29 08:41:18.855983', false);
INSERT INTO device
VALUES ('bca97c84-2ddf-4fb7-bfcc-c5b25e92622e', 'Apple', 'Macintosh', 'Mac OS', '10.15.7', 'Chrome',
        '124', '7f000101-8692-10ce-8186-928559a10000', '2024-04-30 07:15:07.283526',
        '2024-04-30 07:15:07.283526', false);
INSERT INTO device
VALUES ('ba1d79a1-c1d7-4249-9065-99ea6e313c05', 'Apple', 'Macintosh', 'Mac OS', '10.15.7', 'Brave',
        '124', '7f000101-8692-10ce-8186-928559a10000', '2024-04-30 10:36:03.101413',
        '2024-04-30 10:36:03.101413', false);
INSERT INTO device
VALUES ('8cfbd538-02e5-42e4-9f3b-eb0dc1b85e0c', 'Apple', 'Macintosh', 'Mac OS', '10.15.7', 'Brave',
        '124', '7f000101-8692-10ce-8186-928559a10000', '2024-04-30 15:55:29.94707',
        '2024-04-30 15:55:29.94707', false);
INSERT INTO device
VALUES ('a800a99e-79cb-47aa-bd1f-bb5e9a4394c0', 'Apple', 'Macintosh', 'Mac OS', '10.15.7', 'Brave',
        '124', '7f000101-8692-10ce-8186-928559a10000', '2024-05-02 15:40:26.139421',
        '2024-05-02 15:40:26.139421', false);
INSERT INTO device
VALUES ('df09a229-8ee5-40f6-a635-2aafda0c575e', 'Apple', 'Macintosh', 'Mac OS', '10.15.7', 'Chrome',
        '124', '7f000101-8692-10ce-8186-928559a10000', '2024-05-03 07:24:23.018577',
        '2024-05-03 07:24:23.018577', false);
INSERT INTO device
VALUES ('9f26badc-8381-4838-a044-c44f193ca42f', 'Apple', 'Macintosh', 'Mac OS', '10.15.7', 'Chrome',
        '124', '7f000101-8692-10ce-8186-928559a10000', '2024-05-07 07:25:10.229854',
        '2024-05-07 07:25:10.229854', false);
INSERT INTO device
VALUES ('01cae6de-9beb-492d-a5ff-8146791477c1', 'Apple', 'Macintosh', 'Mac OS', '10.15.7', 'Chrome',
        '124', '7f000101-8692-10ce-8186-928559a10000', '2024-05-10 16:29:52.666487',
        '2024-05-10 16:29:52.666487', false);
INSERT INTO device
VALUES ('0a57d29a-ea4e-4dc8-b73c-60f102b0a1d4', 'Apple', 'Macintosh', 'Mac OS', '10.15.7', 'Chrome',
        '124', '7f000101-8692-10ce-8186-928559a10000', '2024-05-16 16:14:44.41645',
        '2024-05-16 16:14:44.41645', false);
INSERT INTO device
VALUES ('43d3d2a9-3cb9-412b-b2eb-5ebf0937367d', 'Apple', 'iPhone', 'iOS', '17.3.1', 'Mobile Safari',
        '17', '7f000101-8692-10ce-8186-928559a10000', '2024-05-17 13:54:52.165378',
        '2024-05-17 13:54:52.165378', true);
INSERT INTO device
VALUES ('609d43da-cde2-46eb-a33f-1e5a6d033fe9', 'Apple', 'Macintosh', 'Mac OS', '10.15.7', 'Chrome',
        '125', '7f000101-8692-10ce-8186-928559a10000', '2024-05-30 09:32:24.945975',
        '2024-05-30 09:32:24.945975', false);
INSERT INTO device
VALUES ('b39fea7c-0f80-4ab9-b328-d594ec3e8519', 'Apple', 'Macintosh', 'Mac OS', '10.15.7', 'Chrome',
        '126', '7f000101-8692-10ce-8186-928559a10000', '2024-06-20 08:41:48.657501',
        '2024-06-20 08:41:48.657501', false);
INSERT INTO device
VALUES ('e0e8ec1f-d710-42fd-9dec-d8fe1c9aa792', 'Apple', 'iPhone', 'iOS', '17.5.1', 'Mobile Safari',
        '17', '7f000101-8692-10ce-8186-928559a10000', '2024-06-22 10:48:04.386243',
        '2024-06-22 10:48:04.386243', true);
INSERT INTO device
VALUES ('1e439871-e809-43f6-bfcd-5886d571a0a2', 'Apple', 'iPhone', 'iOS', '17.5.1', 'Mobile Safari',
        '17', '7f000101-8692-10ce-8186-928559a10000', '2024-06-22 11:55:56.773125',
        '2024-06-22 11:55:56.773125', true);
INSERT INTO device
VALUES ('0f2ab0e7-a671-4167-b5f6-c3630256155f', 'Apple', 'Macintosh', 'Mac OS', '10.15.7', 'Chrome',
        '126', '7f000101-8692-10ce-8186-928559a10000', '2024-06-24 08:31:36.083438',
        '2024-06-24 08:31:36.083438', false);
INSERT INTO device
VALUES ('bdc8bdad-a7da-4e80-b6ec-2423ad434996', 'Apple', 'Macintosh', 'Mac OS', '10.15.7', 'Chrome',
        '126', '7f000101-8692-10ce-8186-928559a10000', '2024-07-05 09:52:18.500118',
        '2024-07-05 09:52:18.500118', false);
INSERT INTO device
VALUES ('21b8dedd-397f-42fd-b5ad-263e647fa066', 'Apple', 'iPhone', 'iOS', '17.5', 'Chrome', '126',
        '6db63ea7-54df-4a57-92d1-ae5051875f15', '2024-07-15 17:08:25.411663',
        '2024-07-15 17:08:25.411663', true);
INSERT INTO device
VALUES ('46b5a4c2-2510-4338-a77a-f6bae4b3851f', 'Apple', 'iPhone', 'iOS', '17.5.1', 'Mobile Safari',
        '17', '7f000101-8692-10ce-8186-928559a10000', '2024-07-15 23:46:47.597643',
        '2024-07-15 23:46:47.597643', true);
INSERT INTO device
VALUES ('f1b7fa1d-7652-4163-b423-d1b7c87ce402', 'Apple', 'Macintosh', 'Mac OS', '10.15.7', 'Chrome',
        '126', '7f000101-8692-10ce-8186-928559a10000', '2024-07-16 07:00:52.790879',
        '2024-07-16 07:00:52.790879', false);
INSERT INTO device
VALUES ('972a5fa4-a2bc-40a0-9e97-ba697ae7a857', 'Apple', 'Macintosh', 'Mac OS', '10.15.7', 'Chrome',
        '126', '7f000101-8692-10ce-8186-928559a10000', '2024-07-16 17:00:10.135129',
        '2024-07-16 17:00:10.135129', false);
INSERT INTO device
VALUES ('140b07ab-1415-49e4-a3fd-152223649cee', 'Apple', 'iPhone', 'iOS', '17.5.1', 'Mobile Safari',
        '17', '7f000101-8692-10ce-8186-928559a10000', '2024-07-16 19:36:52.369559',
        '2024-07-16 19:36:52.369559', true);
INSERT INTO device
VALUES ('a1d13140-1164-476f-aae9-044af58df636', 'Apple', 'iPhone', 'iOS', '17.5.1', 'Mobile Safari',
        '17', '7f000101-8692-10ce-8186-928559a10000', '2024-07-17 00:36:42.932219',
        '2024-07-17 00:36:42.932219', true);
INSERT INTO device
VALUES ('17104359-b4eb-45ac-84b7-3aa311ce625e', 'Apple', 'Macintosh', 'Mac OS', '10.15.7', 'Chrome',
        '126', '7f000101-8692-10ce-8186-928559a10000', '2024-07-17 06:21:35.816724',
        '2024-07-17 06:21:35.816724', false);
INSERT INTO device
VALUES ('92cbee7a-ed27-4250-97f2-bfaaf832f06b', 'Apple', 'Macintosh', 'Mac OS', '10.15.7', 'Chrome',
        '126', '7f000101-8692-10ce-8186-928559a10000', '2024-07-18 11:00:33.175702',
        '2024-07-18 11:00:33.175702', false);
INSERT INTO device
VALUES ('76c11167-7970-4c1f-943d-9cbe0f18b462', 'Apple', 'Macintosh', 'Mac OS', '10.15.7', 'Chrome',
        '126', '7f000101-8692-10ce-8186-928559a10000', '2024-07-18 22:16:52.07967',
        '2024-07-18 22:16:52.07967', false);
INSERT INTO device
VALUES ('3b4c7dbb-1089-4f70-bbd6-0a8ab7000e44', 'Apple', 'Macintosh', 'Mac OS', '10.15.7', 'Chrome',
        '126', '7f000101-8692-10ce-8186-928559a10000', '2024-07-19 08:24:49.533903',
        '2024-07-19 08:24:49.533903', false);
INSERT INTO device
VALUES ('11215285-664b-4e77-9e92-3314914fdb05', 'none', 'K', 'Android', '10', 'Chrome', '126',
        '6455fbf0-d056-4162-b600-f05cd5a4801e', '2024-07-22 11:07:40.330186',
        '2024-07-22 11:07:40.330186', true);
INSERT INTO device
VALUES ('eede6c49-3257-41f4-b3b9-cd54556e4aad', 'Apple', 'Macintosh', 'Mac OS', '10.15.7', 'Chrome',
        '126', '7f000101-8692-10ce-8186-928559a10000', '2024-07-24 15:46:36.571012',
        '2024-07-24 15:46:36.571012', false);
INSERT INTO device
VALUES ('c2e55409-3209-4cab-82d1-be2e3d11d27f', 'none', 'K', 'Android', '10', 'Chrome', '126',
        '6455fbf0-d056-4162-b600-f05cd5a4801e', '2024-07-28 21:42:47.9844',
        '2024-07-28 21:42:47.9844', true);
INSERT INTO device
VALUES ('ca02d6a2-49fa-4089-afba-c26f89a6eda6', 'Apple', 'iPhone', 'iOS', '17.5.1', 'Mobile Safari',
        '17', '7f000101-8692-10ce-8186-928559a10000', '2024-07-28 22:35:23.124356',
        '2024-07-28 22:35:23.124356', true);
INSERT INTO device
VALUES ('f768d92f-9ce6-476b-b934-5713990d8f0d', 'Apple', 'Macintosh', 'Mac OS', '10.15.7', 'Chrome',
        '126', '7f000101-8692-10ce-8186-928559a10000', '2024-07-29 12:07:07.943903',
        '2024-07-29 12:07:07.943903', false);
INSERT INTO device
VALUES ('24f16be2-ef55-4037-81fc-64c2051c3420', 'Apple', 'Macintosh', 'Mac OS', '10.15.7', 'Chrome',
        '126', '7f000101-8692-10ce-8186-928559a10000', '2024-07-29 14:43:16.16608',
        '2024-07-29 14:43:16.16608', false);
INSERT INTO device
VALUES ('06ba55bd-dad3-4cf2-a62c-dc5c9d423c2b', 'none', 'K', 'Android', '10', 'Chrome', '126',
        '6455fbf0-d056-4162-b600-f05cd5a4801e', '2024-07-29 18:52:06.056553',
        '2024-07-29 18:52:06.056553', true);
INSERT INTO device
VALUES ('d33a687a-49ff-437f-89c5-ccb39a14da68', 'Apple', 'Macintosh', 'Mac OS', '10.15.7', 'Chrome',
        '126', '7f000101-8692-10ce-8186-928559a10000', '2024-07-29 19:34:33.400927',
        '2024-07-29 19:34:33.400927', false);
INSERT INTO device
VALUES ('3dc14a46-278b-4ab6-9e0e-f0c60a3cc26a', 'Apple', 'Macintosh', 'Mac OS', '10.15.7', 'Chrome',
        '126', '7f000101-8692-10ce-8186-928559a10000', '2024-07-30 11:13:02.916552',
        '2024-07-30 11:13:02.916552', false);
INSERT INTO device
VALUES ('e5f6c0e9-eb52-4f27-b297-2e8290c8a7c0', 'Apple', 'Macintosh', 'Mac OS', '10.15.7', 'Chrome',
        '126', '7f000101-8692-10ce-8186-928559a10000', '2024-07-30 17:10:54.889212',
        '2024-07-30 17:10:54.889212', false);
INSERT INTO device
VALUES ('c5827f7d-c4ca-4619-9a00-94a97f901dc1', 'Apple', 'iPhone', 'iOS', '17.5', 'Chrome', '122',
        '7f000101-86cf-1eb0-8186-d10338fe0001', '2024-07-30 20:52:53.062687',
        '2024-07-30 20:52:53.062687', true);
INSERT INTO device
VALUES ('d9a9cc4b-7062-4fc7-a776-b8990d246263', 'Apple', 'Macintosh', 'Mac OS', '10.15.7', 'Chrome',
        '127', '7f000101-8692-10ce-8186-928559a10000', '2024-07-31 20:38:29.520968',
        '2024-07-31 20:38:29.520968', false);
INSERT INTO device
VALUES ('ddc996de-8f39-4000-b6b5-7221ef1293de', 'Apple', 'Macintosh', 'Mac OS', '10.15.7', 'Chrome',
        '127', '7f000101-8692-10ce-8186-928559a10000', '2024-07-31 20:40:54.709914',
        '2024-07-31 20:40:54.709914', false);
INSERT INTO device
VALUES ('a5a0f492-29d2-477d-9e43-dd52cf1d9026', 'Apple', 'Macintosh', 'Mac OS', '10.15.7', 'Chrome',
        '127', '7f000101-8692-10ce-8186-928559a10000', '2024-07-31 20:44:33.395314',
        '2024-07-31 20:44:33.395314', false);
INSERT INTO device
VALUES ('6b9e967e-7ff9-4b39-a167-2906ad87e304', 'Apple', 'Macintosh', 'Mac OS', '10.15.7', 'Chrome',
        '127', '7f000101-8692-10ce-8186-928559a10000', '2024-08-01 08:34:20.436138',
        '2024-08-01 08:34:20.436138', false);
INSERT INTO device
VALUES ('04819d74-8f5a-45f9-a8b1-1a8f4e77fdf4', 'Apple', 'Macintosh', 'Mac OS', '10.15.7', 'Chrome',
        '127', '7f000101-8692-10ce-8186-928559a10000', '2024-08-01 08:34:32.559063',
        '2024-08-01 08:34:32.559063', false);
INSERT INTO device
VALUES ('4c4ad878-0cee-4aa1-9b68-5e8d0ab64d6d', 'Apple', 'Macintosh', 'Mac OS', '10.15.7', 'Chrome',
        '127', '7f000101-8692-10ce-8186-928559a10000', '2024-08-01 17:53:09.923414',
        '2024-08-01 17:53:09.923414', false);
INSERT INTO device
VALUES ('2362a360-79f7-4bda-9314-d31a986b6e0d', 'Apple', 'Macintosh', 'Mac OS', '10.15.7', 'Chrome',
        '127', '7f000101-8692-10ce-8186-928559a10000', '2024-08-02 12:21:37.238162',
        '2024-08-02 12:21:37.238162', false);
INSERT INTO device
VALUES ('939c8403-3e71-4c0a-a2b8-c7935de2bfce', 'Apple', 'Macintosh', 'Mac OS', '10.15.7', 'Chrome',
        '127', '7f000101-8692-10ce-8186-928559a10000', '2024-08-03 17:16:29.056792',
        '2024-08-03 17:16:29.056792', false);
INSERT INTO device
VALUES ('6504bd35-7b69-485b-be18-0908f73b67f8', 'Apple', 'Macintosh', 'Mac OS', '10.15.7', 'Chrome',
        '127', '7f000101-8692-10ce-8186-928559a10000', '2024-08-10 10:05:17.050863',
        '2024-08-10 10:05:17.050863', false);
INSERT INTO device
VALUES ('3effaea2-dbe7-443e-8435-7e65b74f5e4e', 'Apple', 'Macintosh', 'Mac OS', '10.15.7', 'Chrome',
        '127', '7f000101-8692-10ce-8186-928559a10000', '2024-08-14 06:47:48.895107',
        '2024-08-14 06:47:48.895107', false);
